Date - Time,Lat,Long,Depth,Mag,Location
31 May 2022 - 11:07 PM,13.71,120.56,93,2.2,015 km S 32‹ W of Calatagan (Batangas)
31 May 2022 - 11:02 PM,6.05,126.78,27,3.1,103 km S 50‹ E of Governor Generoso (Davao Oriental)
31 May 2022 - 09:42 PM,6.61,127.29,110,3,104 km S 62‹ E of Tarragona (Davao Oriental)
31 May 2022 - 09:18 PM,9.44,126.01,17,2.8,010 km N 42‹ E of Carrascal (Surigao Del Sur)
31 May 2022 - 07:37 PM,16.42,120.21,37,2.1,018 km S 46‹ W of Bauang (La Union)
31 May 2022 - 07:12 PM,9.42,125.67,34,1.8,011 km S 65‹ E of Alegria (Surigao Del Norte)
31 May 2022 - 05:46 PM,13.54,120.33,9,2.3,020 km N 46‹ W of Paluan (Occidental Mindoro)
31 May 2022 - 02:36 PM,13.52,120.5,36,2.6,012 km N 20‹ E of Paluan (Occidental Mindoro)
31 May 2022 - 12:58 PM,15.66,119.21,7,3.3,076 km S 81‹ W of Santa Cruz (Zambales)
31 May 2022 - 12:25 PM,9.76,124.75,1,1.8,019 km N 83‹ E of Anda (Bohol)
31 May 2022 - 11:28 AM,19,120.94,13,2.1,031 km S 67‹ W of Dalupiri Island (Calayan) (Cagayan)
31 May 2022 - 09:43 AM,14.48,119.21,6,3,108 km S 61‹ W of San Antonio (Zambales)
31 May 2022 - 08:41 AM,20.44,122,64,2.6,004 km S 70‹ E of Basco (Batanes)
31 May 2022 - 06:44 AM,6.43,126.41,27,2.8,045 km S 56‹ E of Governor Generoso (Davao Oriental)
31 May 2022 - 06:05 AM,13.56,120.79,157,1.8,014 km S 40‹ W of Tingloy (Batangas)
31 May 2022 - 05:55 AM,9.26,126.4,43,2.1,023 km S 85‹ E of Cortes (Surigao Del Sur)
31 May 2022 - 05:38 AM,6.53,126.22,28,2.9,021 km S 49‹ E of Governor Generoso (Davao Oriental)
31 May 2022 - 03:29 AM,5.6,126.33,102,3.7,083 km S 65‹ E of Jose Abad Santos (Davao Occidental)
31 May 2022 - 02:50 AM,13.7,120.67,102,2,015 km S 17‹ E of Calatagan (Batangas)
31 May 2022 - 02:25 AM,12.49,121.24,3,2.3,023 km N 28‹ E of Magsaysay (Occidental Mindoro)
31 May 2022 - 02:09 AM,9.42,126.24,18,2.5,017 km N 18‹ E of Cortes (Surigao Del Sur)
31 May 2022 - 01:59 AM,16.13,122.17,9,2.4,017 km S 18‹ E of Casiguran (Aurora)
31 May 2022 - 01:43 AM,19.03,121.31,2,2.1,013 km S 53‹ E of Dalupiri Island (Calayan) (Cagayan)
31 May 2022 - 01:20 AM,13.72,120.58,110,2.8,014 km S 23‹ W of Calatagan (Batangas)
31 May 2022 - 01:02 AM,13.72,120.62,104,2,012 km S 09‹ W of Calatagan (Batangas)
30 May 2022 - 09:11 PM,9.93,126.18,34,2,010 km S 85‹ E of San Isidro (Surigao Del Norte)
30 May 2022 - 08:29 PM,7.25,125.49,35,2.5,021 km S 80‹ W of City Of Panabo (Davao Del Norte)
30 May 2022 - 06:53 PM,10.06,126.4,22,2,036 km N 83‹ E of Burgos (Surigao Del Norte)
30 May 2022 - 05:54 PM,13.71,120.59,93,2.3,015 km S 19‹ W of Calatagan (Batangas)
30 May 2022 - 05:53 PM,18.34,120.79,29,2.4,019 km N 87‹ E of Pasuquin (Ilocos Norte)
30 May 2022 - 05:20 PM,18.23,121,31,1.8,005 km S 63‹ W of Calanasan (Apayao)
30 May 2022 - 03:11 PM,13.5,120.24,10,1.9,024 km S 02‹ W of Looc (Occidental Mindoro)
30 May 2022 - 02:52 PM,13.7,120.59,95,2.2,016 km S 16‹ W of Calatagan (Batangas)
30 May 2022 - 02:47 PM,16.28,121.95,26,1.6,019 km N 88‹ W of Casiguran (Aurora)
30 May 2022 - 11:34 AM,19.7,121.89,1,2.3,021 km N 08‹ W of Babuyan Island (Calayan) (Cagayan)
30 May 2022 - 10:12 AM,13.61,120.52,41,2.2,028 km S 26‹ W of Calatagan (Batangas)
30 May 2022 - 07:21 AM,18.34,120.81,20,3.2,021 km N 87‹ E of Pasuquin (Ilocos Norte)
30 May 2022 - 07:06 AM,19.07,121.23,9,2.5,004 km S 29‹ E of Dalupiri Island (Calayan) (Cagayan)
30 May 2022 - 05:13 AM,3.37,126.65,42,4.5,263 km S 31‹ E of Balut Island (Municipality Of Sarangani) (Davao Occidental)
30 May 2022 - 04:59 AM,9.6,123.06,8,4,014 km N 48‹ W of City Of Tanjay (Negros Oriental)
30 May 2022 - 04:36 AM,13.25,121.77,28,1.9,015 km S 53‹ W of Gasan (Marinduque)
30 May 2022 - 04:29 AM,13.68,120.63,165,4.5,016 km S 02‹ W of Calatagan (Batangas)
30 May 2022 - 03:33 AM,15.06,120.02,29,1.7,006 km N 89‹ W of San Felipe (Zambales)
30 May 2022 - 02:52 AM,12.97,120.97,8,2.1,025 km N 55‹ E of Sablayan (Occidental Mindoro)
30 May 2022 - 02:40 AM,14.09,119.18,33,2.6,105 km N 76‹ W of Lubang (Occidental Mindoro)
30 May 2022 - 01:51 AM,16.65,119.98,25,2.8,036 km N 83‹ W of City Of San Fernando (La Union)
30 May 2022 - 01:15 AM,16.9,122.4,24,2.4,019 km S 11‹ W of Palanan (Isabela)
30 May 2022 - 01:03 AM,16.91,120.77,34,1.8,007 km N 19‹ W of Mankayan (Benguet)
29 May 2022 - 11:48 PM,13.52,124.92,4,2.4,062 km S 76‹ E of Baras (Catanduanes)
29 May 2022 - 10:48 PM,5.77,127.02,192,3.1,144 km S 47‹ E of Governor Generoso (Davao Oriental)
29 May 2022 - 09:05 PM,13.98,123.33,25,2.2,009 km S 57‹ E of Siruma (Camarines Sur)
29 May 2022 - 08:03 PM,21.71,120.92,58,3.8,140 km N 43‹ W of Itbayat (Batanes)
29 May 2022 - 07:18 PM,6.06,125.91,73,3.5,034 km N 60‹ E of Jose Abad Santos (Davao Occidental)
29 May 2022 - 03:46 PM,7.65,126.56,31,3.6,009 km N 01‹ E of Baganga (Davao Oriental)
29 May 2022 - 12:52 PM,6.82,124.98,17,3.2,012 km S 83‹ E of Tulunan (Cotabato)
29 May 2022 - 12:06 PM,9.83,123.22,4,2.1,009 km S 72‹ E of Ayungon (Negros Oriental)
29 May 2022 - 10:01 AM,14.1,120.61,1,2.2,004 km N 44‹ W of Nasugbu (Batangas)
29 May 2022 - 06:45 AM,9.91,126.26,34,1.6,018 km N 40‹ E of General Luna (Surigao Del Norte)
29 May 2022 - 05:38 AM,18.02,119.92,18,2.6,059 km N 73‹ W of Sinait (Ilocos Sur)
29 May 2022 - 05:27 AM,7.22,127.05,41,2.5,057 km N 89‹ E of Manay (Davao Oriental)
29 May 2022 - 04:39 AM,7.4,127.27,40,2.9,081 km S 76‹ E of Baganga (Davao Oriental)
29 May 2022 - 04:31 AM,9.87,122.52,21,2,014 km N 72‹ W of Candoni (Negros Occidental)
29 May 2022 - 04:10 AM,8.6,125.99,30,1.7,008 km S 88‹ E of Prosperidad (Agusan Del Sur)
29 May 2022 - 04:06 AM,9.81,125.32,13,2.3,011 km N 71‹ W of San Francisco (Surigao Del Norte)
29 May 2022 - 03:31 AM,10.91,124.57,1,2.1,004 km N 80‹ E of Merida (Leyte)
29 May 2022 - 03:04 AM,13.17,121.05,17,1.5,021 km S 12‹ W of Baco (Oriental Mindoro)
29 May 2022 - 03:04 AM,9.28,123.07,23,1.6,019 km West of Valencia (Negros Oriental)
29 May 2022 - 02:52 AM,15.54,121.58,5,2,021 km S 19‹ E of San Luis (Aurora)
29 May 2022 - 02:07 AM,21.49,121.07,167,3.1,112 km N 46‹ W of Itbayat (Batanes)
29 May 2022 - 01:43 AM,13.2,124.86,22,3,074 km S 46‹ E of Baras (Catanduanes)
29 May 2022 - 01:41 AM,5.16,127.01,100,3.6,173 km S 61‹ E of Jose Abad Santos (Davao Occidental)
29 May 2022 - 01:39 AM,6.85,125.71,143,2.6,026 km S 01‹ W of Island Garden City Of Samal (Davao Del Norte)
29 May 2022 - 01:32 AM,11.32,124.71,7,2,003 km West of Barugo (Leyte)
29 May 2022 - 12:46 AM,8.24,126.19,1,2.4,014 km N 78‹ W of City Of Bislig (Surigao Del Sur)
29 May 2022 - 12:40 AM,9.83,122.58,15,2.1,007 km S 86‹ W of Candoni (Negros Occidental)
29 May 2022 - 12:22 AM,13.62,120.57,114,2.2,024 km S 16‹ W of Calatagan (Batangas)
28 May 2022 - 11:23 PM,5.88,126.03,89,3.4,043 km S 85‹ E of Jose Abad Santos (Davao Occidental)
28 May 2022 - 10:46 PM,16.95,120.93,7,2.1,006 km S 04‹ E of Sabangan (Mountain Province)
28 May 2022 - 10:22 PM,19.81,120.29,14,3.4,124 km N 51‹ W of Dalupiri Island (Calayan) (Cagayan)
28 May 2022 - 07:42 PM,7.65,121.54,19,1.8,066 km S 85‹ W of Siocon (Zamboanga Del Norte)
28 May 2022 - 06:48 PM,15.33,119.87,48,2.3,012 km N 89‹ W of Iba (Zambales)
28 May 2022 - 06:29 PM,9.92,125.44,26,2.8,015 km N 22‹ W of City Of Surigao (Surigao Del Norte)
28 May 2022 - 12:59 PM,11.31,124.57,2,2.7,009 km N 76‹ W of Capoocan (Leyte)
28 May 2022 - 11:16 AM,5.37,127.02,33,3.9,163 km S 68‹ E of Jose Abad Santos (Davao Occidental)
28 May 2022 - 10:01 AM,14.77,122.99,6,2,033 km N 07‹ E of Tinaga Island (Vinzons) (Camarines Norte)
28 May 2022 - 07:10 AM,13.17,124.83,7,2.6,068 km N 09‹ W of Pambujan (Northern Samar)
28 May 2022 - 07:08 AM,13.2,124.84,17,4.1,071 km N 08‹ W of Pambujan (Northern Samar)
28 May 2022 - 05:12 AM,6.72,125.17,2,2.4,004 km S 27‹ E of Magsaysay (Davao Del Sur)
28 May 2022 - 04:08 AM,8.96,126.89,2,2.9,065 km S 89‹ E of Bayabas (Surigao Del Sur)
28 May 2022 - 04:07 AM,20.83,121.88,1,3.3,006 km N 44‹ E of Itbayat (Batanes)
28 May 2022 - 03:46 AM,13.86,120.58,82,2,006 km N 62‹ W of Calatagan (Batangas)
28 May 2022 - 03:35 AM,6.81,125.66,31,2.3,030 km S 11‹ W of Island Garden City Of Samal (Davao Del Norte)
28 May 2022 - 02:11 AM,10.25,123.22,17,2,015 km N 21‹ W of City Of Guihulngan (Negros Oriental)
28 May 2022 - 01:41 AM,9.55,122.21,10,2.5,034 km S 46‹ W of City Of Sipalay (Negros Occidental)
28 May 2022 - 12:43 AM,11.25,126.21,13,3.5,062 km N 66‹ E of Guiuan (Eastern Samar)
28 May 2022 - 12:38 AM,13.89,125.52,33,2.9,122 km N 85‹ E of Gigmoto (Catanduanes)
28 May 2022 - 12:24 AM,19.2,121.34,28,2.1,015 km S 57‹ W of Calayan (Cagayan)
28 May 2022 - 12:17 AM,9.59,125.98,18,2.4,004 km S 36‹ E of Socorro (Surigao Del Norte)
28 May 2022 - 12:13 AM,11.31,125.74,11,2.1,014 km S 73‹ E of Hernani (Eastern Samar)
27 May 2022 - 11:13 PM,14.13,119.39,4,1.7,085 km N 69‹ W of Lubang (Occidental Mindoro)
27 May 2022 - 10:43 PM,19.05,121.2,16,3.3,006 km S 03‹ W of Dalupiri Island (Calayan) (Cagayan)
27 May 2022 - 10:06 PM,9.31,126.24,18,3,006 km N 48‹ E of Cortes (Surigao Del Sur)
27 May 2022 - 09:56 PM,5.53,124.4,70,2.8,057 km S 26‹ W of Kiamba (Sarangani)
27 May 2022 - 09:56 PM,19.76,122.45,126,2.6,063 km N 64‹ E of Babuyan Island (Calayan) (Cagayan)
27 May 2022 - 09:23 PM,13.99,121.3,33,2.1,010 km S 35‹ E of Alaminos (Laguna)
27 May 2022 - 06:21 PM,16.48,122.04,29,1.6,021 km N 64‹ W of Dilasag (Aurora)
27 May 2022 - 05:43 PM,18.34,120.67,1,3.2,006 km N 84‹ E of Pasuquin (Ilocos Norte)
27 May 2022 - 05:16 PM,9.23,123.08,22,2.4,019 km N 14‹ E of Siaton (Negros Oriental)
27 May 2022 - 04:55 PM,10.33,126.74,19,3.5,080 km N 65‹ E of Burgos (Surigao Del Norte)
27 May 2022 - 04:44 PM,13.72,120.5,81,2.3,019 km S 47‹ W of Calatagan (Batangas)
27 May 2022 - 03:16 PM,13.56,120.69,130,2.5,013 km N 17‹ W of Abra De Ilog (Occidental Mindoro)
27 May 2022 - 12:20 PM,15.07,122.22,22,2.1,035 km N 01‹ E of Patnanungan (Quezon)
27 May 2022 - 11:17 AM,12.91,120.86,10,2.4,011 km N 50‹ E of Sablayan (Occidental Mindoro)
27 May 2022 - 10:04 AM,15.37,123.39,1,2.8,110 km N 26‹ E of Tinaga Island (Vinzons) (Camarines Norte)
27 May 2022 - 09:35 AM,18.53,120.77,21,2.2,001 km S 36‹ E of Bangui (Ilocos Norte)
27 May 2022 - 09:23 AM,11.09,125.88,19,2.3,018 km N 70‹ E of Guiuan (Eastern Samar)
27 May 2022 - 09:18 AM,13.76,120.58,100,2.4,010 km S 36‹ W of Calatagan (Batangas)
27 May 2022 - 08:53 AM,13.34,120.18,8,3,032 km S 75‹ W of Paluan (Occidental Mindoro)
26 May 2022 - 07:53 AM,10.36,126.9,10,3.6,098 km N 67‹ E of Burgos (Surigao Del Norte)
27 May 2022 - 07:41 AM,10.14,126.13,28,2.1,015 km N 23‹ E of Burgos (Surigao Del Norte)
27 May 2022 - 06:27 AM,19.02,120.94,2,3.7,029 km S 70‹ W of Dalupiri Island (Calayan) (Cagayan)
27 May 2022 - 04:49 AM,5.11,126.78,157,4.1,199 km S 25‹ E of Governor Generoso (Davao Oriental)
27 May 2022 - 04:27 AM,5.82,126.51,22,3.2,099 km S 82‹ E of Jose Abad Santos (Davao Occidental)
27 May 2022 - 04:23 AM,15.36,120.08,19,1.9,010 km N 39‹ E of Botolan (Zambales)
27 May 2022 - 04:22 AM,18.89,120.73,15,2.6,037 km N 09‹ W of Pagudpud (Ilocos Norte)
27 May 2022 - 03:45 AM,14.31,119.29,35,2,103 km N 61‹ W of Lubang (Occidental Mindoro)
27 May 2022 - 03:32 AM,9.87,126.05,8,2.4,006 km N 82‹ W of Pilar (Surigao Del Norte)
27 May 2022 - 03:02 AM,13.6,119.97,37,1.9,033 km S 67‹ W of Looc (Occidental Mindoro)
27 May 2022 - 02:46 AM,13.34,120.15,13,2,035 km S 76‹ W of Paluan (Occidental Mindoro)
27 May 2022 - 02:32 AM,7.72,122.2,6,1.8,007 km N 79‹ E of Siocon (Zamboanga Del Norte)
27 May 2022 - 02:31 AM,13.93,119.22,31,2,098 km N 85‹ W of Lubang (Occidental Mindoro)
27 May 2022 - 01:54 AM,12.57,124.41,57,2.2,006 km N 19‹ W of Rosario (Northern Samar)
27 May 2022 - 01:40 AM,9,122.29,32,2.6,059 km S 40‹ W of Basay (Negros Oriental)
27 May 2022 - 01:27 AM,8.38,121.66,33,2.3,083 km N 40‹ W of Baliguian (Zamboanga Del Norte)
27 May 2022 - 01:19 AM,9.4,126.81,3,3.6,075 km N 51‹ E of Bayabas (Surigao Del Sur)
27 May 2022 - 01:02 AM,20.03,122.03,15,2.4,037 km S 25‹ E of Sabtang (Batanes)
26 May 2022 - 11:52 PM,7.51,123.46,4,2.9,007 km N 47‹ E of Tabina (Zamboanga Del Sur)
26 May 2022 - 11:46 PM,12.25,124.44,76,2.3,021 km S 66‹ W of Lope De Vega (Northern Samar)
26 May 2022 - 11:29 PM,8.37,127.02,1,2.7,075 km N 90‹ E of Hinatuan (Surigao Del Sur)
26 May 2022 - 11:21 PM,10.23,126.15,29,2,025 km N 21‹ E of Burgos (Surigao Del Norte)
26 May 2022 - 10:52 PM,20.56,121.43,25,3.6,052 km N 61‹ W of Sabtang (Batanes)
26 May 2022 - 09:52 PM,9.31,123.13,1,2.3,013 km N 77‹ W of Valencia (Negros Oriental)
26 May 2022 - 09:13 PM,9.69,125.32,25,2.1,011 km N 49‹ W of Malimono (Surigao Del Norte)
26 May 2022 - 08:33 PM,7.93,126.4,102,2.4,007 km N 23‹ E of Boston (Davao Oriental)
26 May 2022 - 06:19 PM,9.32,123.08,20,2.4,018 km N 75‹ W of Valencia (Negros Oriental)
26 May 2022 - 06:11 PM,6.22,127.56,35,3.4,154 km S 53‹ E of Tarragona (Davao Oriental)
26 May 2022 - 06:02 PM,4.46,125.97,123,3.5,121 km S 30‹ E of Balut Island (Municipality Of Sarangani) (Davao Occidental)
26 May 2022 - 05:26 PM,16.34,119.71,7,2.3,020 km S 75‹ W of Bolinao (Pangasinan)
26 May 2022 - 05:26 PM,10.72,124.95,1,2.7,008 km S 72‹ W of Abuyog (Leyte)
26 May 2022 - 04:49 PM,11.33,125.61,10,2.2,001 km S 24‹ W of Hernani (Eastern Samar)
26 May 2022 - 04:20 PM,8.49,126.91,12,2.3,064 km N 77‹ E of Hinatuan (Surigao Del Sur)
26 May 2022 - 03:18 PM,9.54,126.22,40,2,027 km S 16‹ E of General Luna (Surigao Del Norte)
26 May 2022 - 03:01 PM,9.04,122.2,27,2.4,063 km S 50‹ W of Basay (Negros Oriental)
26 May 2022 - 02:34 PM,18.48,120.64,18,2.1,004 km S 14‹ W of Burgos (Ilocos Norte)
26 May 2022 - 01:19 PM,11.25,126.08,1,2.9,044 km N 68‹ E of Mercedes (Eastern Samar)
26 May 2022 - 01:14 PM,11.26,125.97,1,2.9,033 km N 57‹ E of Mercedes (Eastern Samar)
26 May 2022 - 12:44 PM,13.75,120.58,96,2.1,010 km S 33‹ W of Calatagan (Batangas)
26 May 2022 - 11:21 AM,13.7,120.67,95,1.6,015 km S 15‹ E of Calatagan (Batangas)
26 May 2022 - 11:10 AM,8.19,122.8,38,2,010 km N 25‹ E of Salug (Zamboanga Del Norte)
26 May 2022 - 11:00 AM,8.88,127.26,4,2,106 km S 84‹ E of Bayabas (Surigao Del Sur)
26 May 2022 - 10:41 AM,9.02,126.72,10,2.4,048 km N 83‹ E of Bayabas (Surigao Del Sur)
26 May 2022 - 10:33 AM,8.97,126.71,12,4.5,047 km East of Bayabas (Surigao Del Sur)
26 May 2022 - 10:18 AM,9.07,126.96,3,2.5,075 km N 81‹ E of Bayabas (Surigao Del Sur)
26 May 2022 - 07:26 AM,13.19,120.18,1,2.9,040 km S 51‹ W of Paluan (Occidental Mindoro)
26 May 2022 - 06:56 AM,16.42,121,34,1.5,013 km S 12‹ W of Ambaguio (Nueva Vizcaya)
26 May 2022 - 06:02 AM,11.8,125.24,45,2.4,021 km N 61‹ E of Hinabangan (Samar)
26 May 2022 - 05:18 AM,13.02,124.45,1,2.8,028 km S 86‹ E of Prieto Diaz (Sorsogon)
26 May 2022 - 04:59 AM,7.31,127.61,3,3.1,115 km S 89‹ E of Caraga (Davao Oriental)
26 May 2022 - 04:14 AM,8.75,126.39,6,1.5,011 km S 63‹ E of Marihatag (Surigao Del Sur)
26 May 2022 - 04:07 AM,9.07,122.33,12,2.3,051 km S 43‹ W of Basay (Negros Oriental)
26 May 2022 - 03:34 AM,15.85,121.95,9,1.5,032 km S 02‹ W of Dinalungan (Aurora)
26 May 2022 - 02:57 AM,19.03,121.44,24,1.8,021 km N 22‹ E of Fuga Island (Aparri) (Cagayan)
26 May 2022 - 02:48 AM,16.39,121.97,21,1.5,020 km N 53‹ W of Casiguran (Aurora)
26 May 2022 - 01:33 AM,18.69,121.88,32,1.9,024 km S 03‹ E of Camiguin Island (Calayan) (Cagayan)
26 May 2022 - 12:43 AM,13.88,120.57,120,2.2,009 km N 47‹ W of Calatagan (Batangas)
26 May 2022 - 12:41 AM,13.41,119.94,38,1.9,048 km S 45‹ W of Looc (Occidental Mindoro)
26 May 2022 - 12:31 AM,15.86,121.99,7,2.2,032 km S 06‹ E of Dinalungan (Aurora)
26 May 2022 - 12:27 AM,12.09,121.47,1,1.7,020 km N 27‹ W of Caluya (Antique)
26 May 2022 - 12:22 AM,13.58,120.69,109,2.2,016 km N 14‹ W of Abra De Ilog (Occidental Mindoro)
25 May 2022 - 11:50 PM,13.89,120.53,120,2.3,013 km N 57‹ W of Calatagan (Batangas)
25 May 2022 - 11:26 PM,13.83,120.57,90,1.8,007 km S 85‹ W of Calatagan (Batangas)
25 May 2022 - 10:53 PM,14.97,122.38,1,2.1,030 km N 35‹ E of Patnanungan (Quezon)
25 May 2022 - 10:47 PM,16.43,119.77,25,2.7,013 km N 72‹ W of Bolinao (Pangasinan)
25 May 2022 - 10:45 PM,9.92,122.54,17,1.8,012 km S 58‹ W of Cauayan (Negros Occidental)
25 May 2022 - 09:31 PM,8.45,125.92,64,1.7,008 km S 45‹ W of San Francisco (Agusan Del Sur)
25 May 2022 - 08:45 PM,8.84,126.84,7,3.5,059 km S 82‹ E of Cagwait (Surigao Del Sur)
25 May 2022 - 08:16 PM,15.89,121.97,7,3.6,028 km S 02‹ E of Dinalungan (Aurora)
25 May 2022 - 07:35 PM,9.17,126.73,28,2.4,054 km N 65‹ E of Bayabas (Surigao Del Sur)
25 May 2022 - 06:55 PM,5.62,124.67,14,2.4,042 km S 07‹ E of Kiamba (Sarangani)
25 May 2022 - 06:53 PM,13.84,120.5,86,2.1,015 km N 85‹ W of Calatagan (Batangas)
25 May 2022 - 06:27 PM,16.92,120.26,1,2.2,014 km N 59‹ W of Luna (La Union)
25 May 2022 - 06:02 PM,7.74,122.05,13,2.3,011 km N 71‹ W of Siocon (Zamboanga Del Norte)
25 May 2022 - 04:55 PM,9.19,126.59,12,2.5,041 km N 54‹ E of Bayabas (Surigao Del Sur)
25 May 2022 - 03:04 PM,13.89,120.54,120,2,012 km N 57‹ W of Calatagan (Batangas)
25 May 2022 - 02:44 PM,13.83,120.56,85,2.1,007 km S 85‹ W of Calatagan (Batangas)
25 May 2022 - 01:17 PM,19.01,121.14,2,2.2,013 km S 35‹ W of Dalupiri Island (Calayan) (Cagayan)
25 May 2022 - 01:08 PM,15.35,121.52,34,1.5,015 km S 73‹ E of Dingalan (Aurora)
25 May 2022 - 12:49 PM,13.19,120.78,56,3.3,014 km N 30‹ E of Santa Cruz (Occidental Mindoro)
25 May 2022 - 10:49 AM,8.65,125.49,49,2.7,016 km S 51‹ W of Las Nieves (Agusan Del Norte)
25 May 2022 - 09:36 AM,11.28,124.62,1,2.9,003 km S 67‹ W of Capoocan (Leyte)
25 May 2022 - 08:35 AM,9.53,126.13,54,2,021 km S 60‹ E of Socorro (Surigao Del Norte)
25 May 2022 - 08:06 AM,14,120.4,89,2.2,027 km S 72‹ W of Nasugbu (Batangas)
25 May 2022 - 08:05 AM,13.75,120.61,108,1.5,009 km S 16‹ W of Calatagan (Batangas)
25 May 2022 - 05:44 AM,8.22,126.79,1,2.6,046 km N 63‹ E of Lingig (Surigao Del Sur)
25 May 2022 - 05:14 AM,15.23,120.23,110,2.2,018 km N 67‹ E of Cabangan (Zambales)
25 May 2022 - 03:29 AM,11.86,125.65,25,2.9,022 km N 78‹ E of Sulat (Eastern Samar)
25 May 2022 - 01:50 AM,13.91,119.31,7,2.8,088 km N 87‹ W of Lubang (Occidental Mindoro)
25 May 2022 - 01:34 AM,10.21,125.89,1,1.7,027 km N 38‹ W of Santa Monica (Surigao Del Norte)
25 May 2022 - 01:05 AM,8.69,126.51,2,1.6,027 km S 63‹ E of Marihatag (Surigao Del Sur)
25 May 2022 - 12:00 AM,18,120.67,22,2.4,010 km N 02‹ E of Nueva Era (Ilocos Norte)
24 May 2022 - 11:54 PM,19.83,121,25,3,080 km N 38‹ W of Calayan (Cagayan)
24 May 2022 - 11:49 PM,13.85,120.56,112,1.9,009 km N 78‹ W of Calatagan (Batangas)
24 May 2022 - 11:13 PM,14.41,123.6,1,2.7,056 km N 41‹ E of Siruma (Camarines Sur)
24 May 2022 - 11:07 PM,10.2,126.64,10,3.5,065 km N 72‹ E of Burgos (Surigao Del Norte)
24 May 2022 - 10:59 PM,16.51,120.95,31,2.1,009 km S 73‹ W of Ambaguio (Nueva Vizcaya)
24 May 2022 - 10:57 PM,9.92,126.4,33,2.2,031 km N 61‹ E of General Luna (Surigao Del Norte)
24 May 2022 - 10:52 PM,13.73,120.66,125,1.7,011 km S 14‹ E of Calatagan (Batangas)
24 May 2022 - 10:21 PM,18.21,120.74,50,2,011 km N 47‹ W of Carasi (Ilocos Norte)
24 May 2022 - 10:09 PM,10.33,126.72,16,3.7,079 km N 64‹ E of Burgos (Surigao Del Norte)
24 May 2022 - 09:33 PM,5.87,124.43,9,2.9,022 km S 20‹ W of Maitum (Sarangani)
24 May 2022 - 09:01 PM,14.92,122.94,30,2.1,049 km N 01‹ W of Tinaga Island (Vinzons) (Camarines Norte)
24 May 2022 - 08:47 PM,10.22,125.62,55,2.5,010 km N 72‹ E of Libjo (Dinagat Islands)
24 May 2022 - 08:23 PM,10.5,125.39,38,1.8,022 km N 44‹ E of Hinundayan (Southern Leyte)
24 May 2022 - 08:06 PM,16.96,119.18,16,2.7,099 km N 50‹ W of Bolinao (Pangasinan)
24 May 2022 - 05:37 PM,13.87,120.48,120,2.9,017 km N 77‹ W of Calatagan (Batangas)
24 May 2022 - 05:31 PM,13.68,120.6,87,1.8,017 km S 11‹ W of Calatagan (Batangas)
24 May 2022 - 01:15 PM,8.8,126.12,13,2.2,013 km N 60‹ W of San Agustin (Surigao Del Sur)
24 May 2022 - 12:47 PM,9.7,126.84,29,2.3,075 km S 83‹ E of General Luna (Surigao Del Norte)
24 May 2022 - 11:43 AM,13.69,120.6,84,1.5,017 km S 13‹ W of Calatagan (Batangas)
24 May 2022 - 11:22 AM,9.76,125.03,9,1.8,017 km S 15‹ W of Limasawa (Southern Leyte)
24 May 2022 - 10:58 AM,4.53,126.83,58,4.1,183 km S 55‹ E of Sarangani Island (Municipality Of Sarangani) (Davao Occidental)
24 May 2022 - 10:16 AM,13.72,120.49,106,3.5,020 km S 51‹ W of Calatagan (Batangas)
24 May 2022 - 07:37 AM,7.96,124.53,3,1.9,016 km S 81‹ E of Bubong (Lanao Del Sur)
24 May 2022 - 07:37 AM,13.13,123.5,14,2.9,013 km S 17‹ W of City Of Ligao (Albay)
24 May 2022 - 07:11 AM,4,127.81,205,4.4,306 km S 58‹ E of Sarangani Island (Municipality Of Sarangani) (Davao Occidental)
24 May 2022 - 06:26 AM,12.61,120.34,7,3.5,054 km S 62‹ W of Sablayan (Occidental Mindoro)
24 May 2022 - 04:39 AM,9.95,126.26,1,3.5,022 km S 70‹ E of Burgos (Surigao Del Norte)
24 May 2022 - 04:28 AM,8.89,126.5,35,2.5,022 km S 81‹ E of Cagwait (Surigao Del Sur)
24 May 2022 - 04:18 AM,18.51,120.42,1,2.4,023 km West of Burgos (Ilocos Norte)
24 May 2022 - 04:12 AM,16.38,122.07,7,1.8,013 km N 24‹ W of Casiguran (Aurora)
24 May 2022 - 04:02 AM,13.9,120.61,119,2.1,008 km N 21‹ W of Calatagan (Batangas)
24 May 2022 - 04:00 AM,10.48,126.67,10,3.8,083 km N 52‹ E of Burgos (Surigao Del Norte)
24 May 2022 - 02:59 AM,10.1,126.13,23,3.4,011 km N 33‹ E of Burgos (Surigao Del Norte)
24 May 2022 - 02:24 AM,10.36,126.77,16,3.9,085 km N 64‹ E of Burgos (Surigao Del Norte)
24 May 2022 - 02:18 AM,10.37,126.69,15,4.5,078 km N 60‹ E of Burgos (Surigao Del Norte)
24 May 2022 - 02:04 AM,13.57,120.66,114,2,016 km N 26‹ W of Abra De Ilog (Occidental Mindoro)
24 May 2022 - 02:01 AM,13.13,121.04,17,2,026 km S 14‹ W of Baco (Oriental Mindoro)
24 May 2022 - 01:58 AM,9.39,126.54,59,2.7,041 km N 72‹ E of Cortes (Surigao Del Sur)
24 May 2022 - 01:39 AM,9.95,125.06,32,1.8,004 km N 28‹ W of Limasawa (Southern Leyte)
24 May 2022 - 01:37 AM,17.31,120.09,20,2.1,038 km S 86‹ W of San Esteban (Ilocos Sur)
23 May 2022 - 11:57 PM,13.88,120.58,113,1.8,008 km N 45‹ W of Calatagan (Batangas)
23 May 2022 - 11:52 PM,19.07,121.47,6,2,021 km S 01‹ W of Calayan (Cagayan)
23 May 2022 - 10:20 PM,13.57,120.79,29,1.5,015 km N 26‹ E of Abra De Ilog (Occidental Mindoro)
23 May 2022 - 08:47 PM,7.66,124.8,21,2.2,011 km S 33‹ E of Kalilangan (Bukidnon)
23 May 2022 - 07:34 PM,13.92,120.61,117,1.8,010 km N 11‹ W of Calatagan (Batangas)
23 May 2022 - 07:04 PM,16.15,121.89,25,2.1,007 km N 81‹ W of Dinalungan (Aurora)
23 May 2022 - 05:52 PM,14.12,119.57,1,2,067 km N 64‹ W of Lubang (Occidental Mindoro)
23 May 2022 - 05:22 PM,10.59,125.44,29,2.2,030 km N 31‹ W of Loreto (Dinagat Islands)
23 May 2022 - 03:46 PM,10.52,125.33,8,2.5,018 km S 88‹ E of Silago (Southern Leyte)
23 May 2022 - 03:18 PM,11.16,124.65,13,2.5,011 km S 74‹ E of Kananga (Leyte)
23 May 2022 - 03:14 PM,11.2,124.6,10,3.4,004 km N 62‹ E of Kananga (Leyte)
23 May 2022 - 01:37 PM,3.48,127.2,72,4.6,291 km S 43‹ E of Balut Island (Municipality Of Sarangani) (Davao Occidental)
23 May 2022 - 01:19 PM,5.83,123.92,31,2.4,052 km S 35‹ W of Palimbang (Sultan Kudarat)
23 May 2022 - 01:00 PM,8.43,126.63,3,2.3,032 km N 78‹ E of Hinatuan (Surigao Del Sur)
23 May 2022 - 12:01 PM,16.45,121.01,7,2.2,009 km S 10‹ W of Ambaguio (Nueva Vizcaya)
23 May 2022 - 09:58 AM,13.22,120.89,42,1.6,024 km N 50‹ E of Santa Cruz (Occidental Mindoro)
23 May 2022 - 08:59 AM,9.02,123.04,8,3.9,004 km S 05‹ E of Siaton (Negros Oriental)
23 May 2022 - 08:27 AM,10.03,126.86,32,3.1,081 km N 71‹ E of General Luna (Surigao Del Norte)
23 May 2022 - 07:57 AM,13.74,125.33,32,3.2,102 km S 87‹ E of Gigmoto (Catanduanes)
23 May 2022 - 07:45 AM,5.02,126.01,64,3.9,078 km S 57‹ E of Balut Island (Municipality Of Sarangani) (Davao Occidental)
23 May 2022 - 04:58 AM,6.5,126.74,98,2.6,068 km S 28‹ E of Tarragona (Davao Oriental)
23 May 2022 - 04:50 AM,6.47,127.34,14,3.6,118 km S 57‹ E of Tarragona (Davao Oriental)
23 May 2022 - 04:48 AM,6.44,127.94,44,2.7,178 km S 68‹ E of Tarragona (Davao Oriental)
23 May 2022 - 04:13 AM,13.34,120.26,19,2.6,024 km S 69‹ W of Paluan (Occidental Mindoro)
23 May 2022 - 03:41 AM,16.74,120.02,1,2.1,034 km N 67‹ W of City Of San Fernando (La Union)
23 May 2022 - 02:57 AM,6.74,127.54,21,2.9,122 km S 65‹ E of Manay (Davao Oriental)
22 May 2022 - 11:19 PM,14.23,120.38,121,3,032 km N 59‹ W of Nasugbu (Batangas)
22 May 2022 - 10:37 PM,10.02,124.99,23,1.9,003 km S 77‹ W of Padre Burgos (Southern Leyte)
22 May 2022 - 10:31 PM,8.49,123.47,20,2.9,007 km N 67‹ W of La Libertad (Zamboanga Del Norte)
22 May 2022 - 10:13 PM,15.15,122.24,8,2,044 km N 03‹ E of Patnanungan (Quezon)
22 May 2022 - 10:06 PM,7.7,125.14,19,2.2,004 km S 66‹ E of Quezon (Bukidnon)
22 May 2022 - 09:22 PM,12.98,125.55,21,2.7,064 km N 30‹ E of Mapanas (Northern Samar)
22 May 2022 - 06:25 PM,9.55,127.06,62,2.5,100 km N 72‹ E of Cortes (Surigao Del Sur)
22 May 2022 - 06:23 PM,13.85,120.4,111,1.7,021 km N 84‹ W of Calatagan (Batangas)
22 May 2022 - 06:11 PM,13.87,120.55,114,2.2,010 km N 65‹ W of Calatagan (Batangas)
22 May 2022 - 06:06 PM,13.85,120.4,113,1.9,025 km N 85‹ W of Calatagan (Batangas)
22 May 2022 - 04:42 PM,6.81,123.72,3,2.1,044 km S 49‹ W of Datu Blah T. Sinsuat (Maguindanao)
22 May 2022 - 04:22 PM,17.6,120.74,24,2.1,001 km S 40‹ E of Lagangilang (Abra)
22 May 2022 - 04:05 PM,7.43,123.58,17,3.8,019 km S 78‹ E of Tabina (Zamboanga Del Sur)
22 May 2022 - 12:51 PM,16.84,120.37,22,1.8,002 km S 24‹ W of Luna (La Union)
22 May 2022 - 12:03 PM,18.86,121.34,11,3,003 km N 71‹ W of Fuga Island (Aparri) (Cagayan)
22 May 2022 - 11:11 AM,17.91,120.31,9,3.2,018 km S 85‹ W of Badoc (Ilocos Norte)
22 May 2022 - 10:50 AM,13.92,120.53,119,2,014 km N 31‹ W of Calatagan (Batangas)
22 May 2022 - 10:07 AM,13.93,124.06,19,3.3,010 km S 51‹ W of Caramoran (Catanduanes)
22 May 2022 - 10:03 AM,13.91,120.56,125,3.1,012 km N 45‹ W of Calatagan (Batangas)
22 May 2022 - 09:50 AM,13.9,120.58,120,2.3,010 km N 38‹ W of Calatagan (Batangas)
22 May 2022 - 09:35 AM,8.31,126.67,30,2.2,037 km S 81‹ E of Hinatuan (Surigao Del Sur)
22 May 2022 - 08:57 AM,9.86,122.38,28,2.1,012 km N 30‹ W of City Of Sipalay (Negros Occidental)
22 May 2022 - 08:52 AM,18.12,121.42,32,2.1,011 km S 03‹ E of Flora (Apayao)
22 May 2022 - 08:21 AM,13.94,120.59,120,2,013 km N 19‹ W of Calatagan (Batangas)
22 May 2022 - 08:12 AM,13.89,120.61,118,1.6,007 km N 18‹ W of Calatagan (Batangas)
22 May 2022 - 07:59 AM,13.37,120.59,22,2.3,013 km S 73‹ E of Paluan (Occidental Mindoro)
22 May 2022 - 07:53 AM,13.81,120.63,113,1.7,002 km S 17‹ W of Calatagan (Batangas)
22 May 2022 - 07:47 AM,6.6,125.23,16,2.7,004 km S 39‹ W of Kiblawan (Davao Del Sur)
22 May 2022 - 07:28 AM,13.11,124.08,1,3.3,010 km S 31‹ W of Rapu-rapu (Albay)
22 May 2022 - 07:20 AM,13.95,120.53,119,2.8,017 km N 40‹ W of Calatagan (Batangas)
22 May 2022 - 07:00 AM,13.86,120.57,118,2.4,008 km N 66‹ W of Calatagan (Batangas)
22 May 2022 - 06:37 AM,13.77,120.09,14,2,010 km S 18‹ W of Lubang (Occidental Mindoro)
22 May 2022 - 06:30 AM,13.66,119.82,35,1.5,039 km S 56‹ W of Lubang (Occidental Mindoro)
22 May 2022 - 06:25 AM,11.7,126.4,27,2.9,094 km N 65‹ E of Hernani (Eastern Samar)
22 May 2022 - 06:19 AM,13.89,120.55,121,1.9,011 km N 55‹ W of Calatagan (Batangas)
22 May 2022 - 06:06 AM,13.93,120.47,119,2.7,021 km N 60‹ W of Calatagan (Batangas)
22 May 2022 - 05:50 AM,13.93,120.49,128,6.1,019 km N 55‹ W of Calatagan (Batangas)
22 May 2022 - 05:10 AM,15.23,120.24,109,2.4,022 km N 68‹ E of Cabangan (Zambales)
22 May 2022 - 04:26 AM,13.67,120.6,90,2.1,018 km S 12‹ W of Calatagan (Batangas)
22 May 2022 - 02:22 AM,15.13,122.26,4,2,042 km N 06‹ E of Patnanungan (Quezon)
22 May 2022 - 01:46 AM,21.64,121.71,11,3,095 km N 08‹ W of Itbayat (Batanes)
22 May 2022 - 12:55 AM,17.39,120.38,32,1.8,010 km N 48‹ W of San Esteban (Ilocos Sur)
22 May 2022 - 12:31 AM,19.18,121.74,22,3.5,030 km S 72‹ E of Calayan (Cagayan)
22 May 2022 - 12:28 AM,15.39,120.05,18,1.7,011 km N 48‹ E of Iba (Zambales)
22 May 2022 - 12:23 AM,16.29,121.88,33,1.7,021 km S 74‹ E of Maddela (Quirino)
22 May 2022 - 12:15 AM,13.02,124.44,1,2.8,027 km S 84‹ E of Prieto Diaz (Sorsogon)
22 May 2022 - 12:13 AM,12.29,123.89,3,2.5,012 km N 20‹ E of Dimasalang (Masbate)
21 May 2022 - 11:38 PM,16.2,120.69,25,1.9,015 km N 06‹ E of San Manuel (Pangasinan)
21 May 2022 - 11:29 PM,13.01,124.44,1,2.7,027 km S 83‹ E of Prieto Diaz (Sorsogon)
21 May 2022 - 11:16 PM,12.97,124.52,4,3.6,037 km S 78‹ E of Prieto Diaz (Sorsogon)
21 May 2022 - 11:15 PM,18.25,120.97,6,2.1,008 km S 88‹ W of Calanasan (Apayao)
21 May 2022 - 11:07 PM,8.11,126.15,1,2.1,013 km N 50‹ E of Trento (Agusan Del Sur)
21 May 2022 - 10:37 PM,13.02,124.43,2,3,026 km S 84‹ E of Prieto Diaz (Sorsogon)
21 May 2022 - 10:06 PM,8.59,126.74,35,1.8,051 km N 62‹ E of Hinatuan (Surigao Del Sur)
21 May 2022 - 09:53 PM,9.89,124.06,9,2.7,006 km N 59‹ E of Catigbian (Bohol)
21 May 2022 - 08:22 PM,9.26,125.77,33,2.1,022 km West of Madrid (Surigao Del Sur)
21 May 2022 - 08:21 PM,15.01,122.22,1,1.6,029 km N 01‹ E of Patnanungan (Quezon)
21 May 2022 - 06:22 PM,8.46,126.74,25,2,045 km N 77‹ E of Hinatuan (Surigao Del Sur)
21 May 2022 - 04:04 PM,13.02,124.33,1,2,016 km S 80‹ E of Prieto Diaz (Sorsogon)
21 May 2022 - 03:43 PM,14.36,119.49,20,2.7,088 km N 51‹ W of Lubang (Occidental Mindoro)
21 May 2022 - 03:14 PM,11.96,126.17,15,2.9,075 km S 83‹ E of Dolores (Eastern Samar)
21 May 2022 - 02:06 PM,14.24,119.2,21,3.1,108 km N 67‹ W of Lubang (Occidental Mindoro)
21 May 2022 - 02:01 PM,14.19,119.45,18,2,082 km N 63‹ W of Lubang (Occidental Mindoro)
21 May 2022 - 01:59 PM,13.76,120.57,88,1.6,011 km S 41‹ W of Calatagan (Batangas)
21 May 2022 - 01:26 PM,14.3,119.25,33,2.7,106 km N 62‹ W of Lubang (Occidental Mindoro)
21 May 2022 - 11:44 AM,7.72,122.19,16,1.6,007 km N 74‹ E of Siocon (Zamboanga Del Norte)
21 May 2022 - 11:43 AM,12.84,124.87,22,3.3,032 km N 12‹ W of Pambujan (Northern Samar)
21 May 2022 - 11:35 AM,17.54,120.51,2,2.5,001 km S 67‹ W of San Quintin (Abra)
21 May 2022 - 08:57 AM,13.97,120.48,71,1.6,020 km S 56‹ W of Nasugbu (Batangas)
21 May 2022 - 07:39 AM,8.49,126.28,4,2.2,015 km N 24‹ W of Hinatuan (Surigao Del Sur)
21 May 2022 - 07:34 AM,18.52,120.2,27,2.3,047 km N 89‹ W of Burgos (Ilocos Norte)
21 May 2022 - 06:35 AM,6.07,126.86,123,3.1,108 km S 53‹ E of Governor Generoso (Davao Oriental)
21 May 2022 - 06:24 AM,16.42,120.05,23,1.9,017 km N 78‹ E of Bolinao (Pangasinan)
21 May 2022 - 06:01 AM,16.3,120.85,32,1.5,018 km N 33‹ W of Santa Fe (Nueva Vizcaya)
21 May 2022 - 04:53 AM,9.99,126.35,19,2.3,030 km N 79‹ E of San Isidro (Surigao Del Norte)
21 May 2022 - 04:24 AM,14.01,119.16,25,2.5,105 km N 81‹ W of Lubang (Occidental Mindoro)
21 May 2022 - 04:21 AM,9.85,124.78,3,2,028 km S 86‹ E of Mabini (Bohol)
21 May 2022 - 03:54 AM,13.66,120.62,108,2.5,020 km S 03‹ W of Calatagan (Batangas)
21 May 2022 - 03:24 AM,10.05,126.34,1,3,029 km N 82‹ E of Burgos (Surigao Del Norte)
21 May 2022 - 02:32 AM,21.38,120.98,13,3.4,111 km N 54‹ W of Itbayat (Batanes)
21 May 2022 - 01:02 AM,9.16,126.9,1,2.6,071 km N 73‹ E of Bayabas (Surigao Del Sur)
21 May 2022 - 12:40 AM,9.96,126.28,2,2.4,017 km N 86‹ E of San Isidro (Surigao Del Norte)
20 May 2022 - 11:57 PM,14.12,118.98,47,2.3,126 km N 77‹ W of Lubang (Occidental Mindoro)
20 May 2022 - 11:50 PM,11.8,124.19,8,2,016 km S 41‹ W of Almagro (Samar)
20 May 2022 - 11:33 PM,6.24,127.45,113,4,142 km S 51‹ E of Tarragona (Davao Oriental)
20 May 2022 - 10:54 PM,10.39,122.5,37,2.1,016 km S 15‹ W of Nueva Valencia (Guimaras)
20 May 2022 - 10:49 PM,9.71,124.8,21,2,025 km S 81‹ E of Anda (Bohol)
20 May 2022 - 10:37 PM,14.4,119.19,55,2.4,116 km N 59‹ W of Lubang (Occidental Mindoro)
20 May 2022 - 10:36 PM,18.73,121.1,29,2.3,014 km N 06‹ E of Claveria (Cagayan)
20 May 2022 - 09:07 PM,12.42,123.68,9,2.1,008 km N 50‹ E of City Of Masbate (Masbate)
20 May 2022 - 08:35 PM,10.23,125.23,7,2.7,006 km S 34‹ W of Anahawan (Southern Leyte)
20 May 2022 - 08:31 PM,5.02,125.59,1,4.2,047 km S 23‹ E of Balut Island (Municipality Of Sarangani) (Davao Occidental)
20 May 2022 - 08:00 PM,12.96,124.55,17,3,038 km N 34‹ E of Biri (Northern Samar)
20 May 2022 - 07:15 PM,9.77,123.77,8,2.4,005 km S 32‹ W of Loon (Bohol)
20 May 2022 - 06:28 PM,13.95,120.48,220,2.3,021 km N 53‹ W of Calatagan (Batangas)
20 May 2022 - 06:05 PM,14.32,119.38,15,3.1,095 km N 58‹ W of Lubang (Occidental Mindoro)
20 May 2022 - 06:04 PM,14.2,119.29,31,1.7,098 km N 68‹ W of Lubang (Occidental Mindoro)
20 May 2022 - 05:12 PM,6.01,127.43,132,4.3,158 km S 43‹ E of Tarragona (Davao Oriental)
20 May 2022 - 03:34 PM,15.17,120.3,18,2.2,026 km N 87‹ E of Cabangan (Zambales)
20 May 2022 - 03:23 PM,21.42,120.67,1,3.3,140 km N 60‹ W of Itbayat (Batanes)
20 May 2022 - 02:43 PM,11.86,126.05,34,3.2,065 km S 73‹ E of Dolores (Eastern Samar)
20 May 2022 - 02:26 PM,13.13,124.69,2,2.5,055 km N 79‹ E of Prieto Diaz (Sorsogon)
20 May 2022 - 02:04 PM,19.63,121.15,39,3.9,058 km N 06‹ W of Dalupiri Island (Calayan) (Cagayan)
20 May 2022 - 11:37 AM,10.34,126.46,1,3.7,055 km N 50‹ E of Burgos (Surigao Del Norte)
20 May 2022 - 11:29 AM,5.77,126.09,129,2.5,052 km S 73‹ E of Jose Abad Santos (Davao Occidental)
20 May 2022 - 11:16 AM,12.38,123.65,15,2.1,003 km N 72‹ E of City Of Masbate (Masbate)
20 May 2022 - 10:18 AM,10.18,126.16,1,2.4,021 km N 28‹ E of Burgos (Surigao Del Norte)
20 May 2022 - 10:04 AM,12.34,125.74,14,3,031 km N 55‹ E of San Policarpo (Eastern Samar)
20 May 2022 - 09:40 AM,9.26,123.17,1,3.1,009 km S 76‹ W of Valencia (Negros Oriental)
20 May 2022 - 09:21 AM,17.02,121.43,26,1.8,012 km N 69‹ E of Aguinaldo (Ifugao)
20 May 2022 - 07:48 AM,9.12,126.38,21,3.8,020 km N 33‹ E of Bayabas (Surigao Del Sur)
20 May 2022 - 06:53 AM,6.29,126.1,20,3.1,040 km S 04‹ E of Governor Generoso (Davao Oriental)
20 May 2022 - 05:31 AM,12.36,125.75,9,3.3,033 km N 54‹ E of San Policarpo (Eastern Samar)
20 May 2022 - 05:26 AM,16.37,120.59,21,2.1,004 km S 51‹ E of Tuba (Benguet)
20 May 2022 - 04:31 AM,8.95,125.73,11,2.8,014 km N 15‹ E of Sibagat (Agusan Del Sur)
20 May 2022 - 04:28 AM,14.07,119.2,39,3.2,103 km N 77‹ W of Lubang (Occidental Mindoro)
20 May 2022 - 03:20 AM,12.48,123.73,4,2.2,016 km N 45‹ E of City Of Masbate (Masbate)
20 May 2022 - 02:16 AM,6.85,124.98,10,2.5,012 km N 82‹ E of Tulunan (Cotabato)
20 May 2022 - 02:13 AM,10.14,126.57,19,2.4,056 km N 77‹ E of Burgos (Surigao Del Norte)
20 May 2022 - 02:06 AM,8.51,126.62,40,2.3,035 km N 63‹ E of Hinatuan (Surigao Del Sur)
20 May 2022 - 01:55 AM,14.27,119.23,31,2.2,107 km N 65‹ W of Lubang (Occidental Mindoro)
20 May 2022 - 01:54 AM,17.25,120.37,81,2.1,012 km N 41‹ W of City Of Candon (Ilocos Sur)
20 May 2022 - 01:44 AM,9.97,122.57,53,3.5,006 km S 83‹ W of Cauayan (Negros Occidental)
20 May 2022 - 01:30 AM,15.22,120.34,22,1.6,024 km S 84‹ W of Mabalacat City (Pampanga)
20 May 2022 - 01:19 AM,12.42,123.72,3,2.3,006 km S 88‹ W of Batuan (Masbate)
20 May 2022 - 01:00 AM,6.84,125.01,25,2.4,015 km S 33‹ W of Makilala (Cotabato)
19 May 2022 - 11:08 PM,11.93,120.68,20,2.2,052 km S 81‹ E of Coron (Palawan)
19 May 2022 - 10:59 PM,12.93,120.94,11,2.2,020 km N 60‹ E of Sablayan (Occidental Mindoro)
19 May 2022 - 10:46 PM,18.89,120.8,39,1.9,036 km N 02‹ E of Pagudpud (Ilocos Norte)
19 May 2022 - 09:49 PM,9.93,126.48,1,3.1,039 km N 65‹ E of General Luna (Surigao Del Norte)
19 May 2022 - 09:07 PM,8.99,126.69,21,2.6,045 km N 87‹ E of Bayabas (Surigao Del Sur)
19 May 2022 - 08:48 PM,15.43,121.84,5,2.6,047 km S 40‹ E of Baler (Aurora)
19 May 2022 - 08:41 PM,16.48,120.6,12,2.9,004 km N 14‹ E of La Trinidad (Benguet)
19 May 2022 - 06:09 PM,15.8,121.07,22,2.1,008 km S 87‹ W of Pantabangan (Nueva Ecija)
19 May 2022 - 05:05 PM,11,124.52,24,2.3,013 km N 51‹ E of Isabel (Leyte)
19 May 2022 - 05:00 PM,5.37,125.85,122,3.6,044 km S 75‹ E of Sarangani Island (Municipality Of Sarangani) (Davao Occidental)
19 May 2022 - 04:03 PM,5.24,126.72,104,3.9,141 km S 79‹ E of Sarangani Island (Municipality Of Sarangani) (Davao Occidental)
19 May 2022 - 03:37 PM,19.87,121.76,4,3.2,043 km N 22‹ W of Babuyan Island (Calayan) (Cagayan)
19 May 2022 - 01:18 PM,10.38,125.1,1,3.1,011 km S 79‹ W of Hinunangan (Southern Leyte)
19 May 2022 - 12:27 PM,13.34,120.28,10,2.4,022 km S 67‹ W of Paluan (Occidental Mindoro)
19 May 2022 - 11:48 AM,16.98,121.49,27,2.1,015 km S 85‹ W of Aurora (Isabela)
19 May 2022 - 08:51 AM,13.95,119.29,16,3,105 km N 82‹ W of Lubang (Occidental Mindoro)
19 May 2022 - 08:39 AM,10.28,125.2,28,2.2,004 km N 43‹ E of San Juan (Southern Leyte)
19 May 2022 - 08:37 AM,12.5,123.67,5,2.6,015 km N 19‹ E of City Of Masbate (Masbate)
19 May 2022 - 07:41 AM,12.4,123.63,23,2.3,003 km N 08‹ E of City Of Masbate (Masbate)
19 May 2022 - 07:33 AM,12.43,123.7,8,3.1,011 km N 51‹ E of City Of Masbate (Masbate)
19 May 2022 - 06:28 AM,18.69,120.93,13,3.2,015 km N 25‹ W of Santa Praxedes (Cagayan)
19 May 2022 - 03:01 AM,9.71,126.21,1,3,010 km S 35‹ E of General Luna (Surigao Del Norte)
19 May 2022 - 02:31 AM,9.76,122.52,12,2.2,009 km S 86‹ E of City Of Sipalay (Negros Occidental)
19 May 2022 - 02:19 AM,18.56,120.93,5,2.5,014 km N 70‹ E of Dumalneg (Ilocos Norte)
19 May 2022 - 02:15 AM,7.71,122.12,8,1.5,002 km N 73‹ W of Siocon (Zamboanga Del Norte)
19 May 2022 - 02:15 AM,11.58,125.36,16,2.3,009 km S 72‹ W of City Of Borongan (Eastern Samar)
19 May 2022 - 02:15 AM,20.3,121.32,12,4.1,058 km S 86‹ W of Sabtang (Batanes)
19 May 2022 - 01:30 AM,19.79,121.15,3,2.9,068 km N 30‹ W of Calayan (Cagayan)
19 May 2022 - 01:23 AM,9.61,126.13,34,1.8,019 km S 08‹ W of General Luna (Surigao Del Norte)
19 May 2022 - 01:21 AM,18.47,120.84,52,2.5,007 km S 26‹ E of Dumalneg (Ilocos Norte)
19 May 2022 - 01:13 AM,13.66,120.62,125,2.6,020 km S 05‹ W of Calatagan (Batangas)
19 May 2022 - 01:11 AM,8.94,126.42,20,2,015 km S 78‹ E of Bayabas (Surigao Del Sur)
19 May 2022 - 12:44 AM,8.19,123.64,10,2.6,011 km S 74‹ E of Josefina (Zamboanga Del Sur)
18 May 2022 - 11:24 PM,11.31,126.46,28,2.8,085 km N 74‹ E of Mercedes (Eastern Samar)
18 May 2022 - 10:03 PM,12.38,123.74,1,2.9,013 km N 87‹ E of City Of Masbate (Masbate)
18 May 2022 - 09:47 PM,15.36,120.64,25,2.1,003 km N 18‹ W of Concepcion (Tarlac)
18 May 2022 - 09:46 PM,11.47,125.83,13,3.6,027 km N 59‹ E of Hernani (Eastern Samar)
18 May 2022 - 09:30 PM,19.12,121.04,1,2.9,018 km N 84‹ W of Dalupiri Island (Calayan) (Cagayan)
18 May 2022 - 08:41 PM,13.84,119.32,26,3,087 km S 89‹ W of Lubang (Occidental Mindoro)
18 May 2022 - 07:54 PM,12.54,123.67,25,2.8,019 km N 14‹ E of City Of Masbate (Masbate)
18 May 2022 - 07:47 PM,13.89,120.28,67,2.8,017 km N 79‹ E of Lubang (Occidental Mindoro)
18 May 2022 - 07:45 PM,13.92,119.23,37,2.7,097 km N 86‹ W of Lubang (Occidental Mindoro)
18 May 2022 - 07:27 PM,13.67,120.57,92,2.1,019 km S 20‹ W of Calatagan (Batangas)
18 May 2022 - 07:13 PM,6.42,126.77,65,2.8,078 km S 27‹ E of Tarragona (Davao Oriental)
18 May 2022 - 06:42 PM,12.46,123.69,8,2.6,013 km N 36‹ E of City Of Masbate (Masbate)
18 May 2022 - 06:17 PM,19.85,121.64,12,3.5,068 km N 15‹ E of Calayan (Cagayan)
18 May 2022 - 05:17 PM,8.31,126.04,31,1.7,009 km S 23‹ E of Rosario (Agusan Del Sur)
18 May 2022 - 05:14 PM,8.37,126.03,35,2.1,003 km S 66‹ E of Rosario (Agusan Del Sur)
18 May 2022 - 03:25 PM,17.61,122.34,38,2.5,027 km N 25‹ E of Maconacon (Isabela)
18 May 2022 - 02:33 PM,7.76,126.55,10,2,011 km S 72‹ E of Cateel (Davao Oriental)
18 May 2022 - 02:08 PM,8.47,126.5,2,2.7,022 km N 57‹ E of Hinatuan (Surigao Del Sur)
18 May 2022 - 12:39 PM,12.53,123.63,29,2.9,018 km N 03‹ E of City Of Masbate (Masbate)
18 May 2022 - 12:33 PM,12.41,123.68,10,2.7,008 km N 57‹ E of City Of Masbate (Masbate)
18 May 2022 - 12:16 PM,12.42,123.72,4,2.5,012 km N 65‹ E of City Of Masbate (Masbate)
18 May 2022 - 11:01 AM,12.42,123.74,3,2.4,014 km N 66‹ E of City Of Masbate (Masbate)
18 May 2022 - 10:17 AM,6.6,122.57,33,2.2,033 km S 81‹ E of Hadji Mohammad Ajul (Basilan)
18 May 2022 - 09:38 AM,12.39,123.67,12,4.8,006 km N 66‹ E of City Of Masbate (Masbate)
18 May 2022 - 09:29 AM,12.38,123.69,7,3.8,008 km N 82‹ E of City Of Masbate (Masbate)
18 May 2022 - 08:34 AM,10.08,126.37,15,2.5,033 km N 78‹ E of Burgos (Surigao Del Norte)
18 May 2022 - 08:27 AM,19.02,121.27,20,2.4,012 km S 37‹ E of Dalupiri Island (Calayan) (Cagayan)
18 May 2022 - 07:57 AM,10.02,126.37,1,3.5,032 km S 90‹ E of Burgos (Surigao Del Norte)
18 May 2022 - 05:42 AM,15.09,122.19,17,1.7,036 km N 41‹ E of Burdeos (Quezon)
18 May 2022 - 05:37 AM,6.49,126.58,76,2.8,059 km S 72‹ E of Governor Generoso (Davao Oriental)
18 May 2022 - 05:13 AM,9.17,126.29,30,3.4,017 km N 51‹ E of City Of Tandag (Surigao Del Sur)
18 May 2022 - 03:49 AM,16.36,120.37,1,2.3,004 km N 01‹ W of Agoo (La Union)
18 May 2022 - 03:37 AM,8.97,126.63,32,2.8,037 km N 80‹ E of Cagwait (Surigao Del Sur)
18 May 2022 - 02:37 AM,16.35,122.27,3,2.4,008 km S 48‹ E of Dilasag (Aurora)
18 May 2022 - 02:28 AM,9.68,125.97,24,2.4,012 km S 48‹ W of Dapa (Surigao Del Norte)
18 May 2022 - 01:52 AM,17.6,121.3,26,2.5,012 km S 82‹ W of Pinukpuk (Kalinga)
18 May 2022 - 01:00 AM,3.99,126.2,92,3,179 km S 29‹ E of Balut Island (Municipality Of Sarangani) (Davao Occidental)
17 May 2022 - 10:28 PM,19.14,121.31,23,2.1,011 km N 69‹ E of Dalupiri Island (Calayan) (Cagayan)
17 May 2022 - 10:22 PM,19.1,121.46,25,2,026 km S 88‹ E of Dalupiri Island (Calayan) (Cagayan)
17 May 2022 - 10:12 PM,20.03,121.3,34,3.3,062 km S 58‹ W of Sabtang (Batanes)
17 May 2022 - 10:10 PM,19.1,121.11,5,2.5,010 km S 82‹ W of Dalupiri Island (Calayan) (Cagayan)
17 May 2022 - 10:02 PM,8.31,122.9,5,2.3,020 km S 43‹ W of Jose Dalman (Zamboanga Del Norte)
17 May 2022 - 09:56 PM,14.23,124.57,5,2.7,044 km N 44‹ E of Bagamanoc (Catanduanes)
17 May 2022 - 09:50 PM,19.25,120.93,1,3.6,033 km N 61‹ W of Dalupiri Island (Calayan) (Cagayan)
17 May 2022 - 08:34 PM,9.82,121.99,8,2.7,049 km N 84‹ W of City Of Sipalay (Negros Occidental)
17 May 2022 - 08:21 PM,19.18,121.11,6,3.1,013 km N 50‹ W of Dalupiri Island (Calayan) (Cagayan)
17 May 2022 - 07:53 PM,8.63,126.57,39,3.7,039 km N 42‹ E of Hinatuan (Surigao Del Sur)
17 May 2022 - 07:30 PM,8.98,126.8,12,4.1,055 km N 83‹ E of Cagwait (Surigao Del Sur)
17 May 2022 - 07:25 PM,19.12,121.15,13,2.7,006 km N 74‹ W of Dalupiri Island (Calayan) (Cagayan)
17 May 2022 - 06:54 PM,16.09,122.06,8,1.8,013 km S 61‹ E of Dinalungan (Aurora)
17 May 2022 - 05:33 PM,18.94,121.06,6,3.3,024 km S 40‹ W of Dalupiri Island (Calayan) (Cagayan)
17 May 2022 - 05:08 PM,11.69,125.95,9,3.9,053 km N 43‹ E of Hernani (Eastern Samar)
17 May 2022 - 04:58 PM,19.05,121.46,1,1.9,027 km S 76‹ E of Dalupiri Island (Calayan) (Cagayan)
17 May 2022 - 04:58 PM,19.18,120.93,5,1.8,031 km N 74‹ W of Dalupiri Island (Calayan) (Cagayan)
17 May 2022 - 04:51 PM,19.03,121.15,1,3.7,011 km S 35‹ W of Dalupiri Island (Calayan) (Cagayan)
17 May 2022 - 04:42 PM,19.72,120.99,14,5.1,071 km N 19‹ W of Dalupiri Island (Calayan) (Cagayan)
17 May 2022 - 04:33 PM,9.07,125.51,17,2.1,008 km N 78‹ W of Remedios T. Romualdez (Agusan Del Norte)
17 May 2022 - 03:29 PM,13.72,120.58,81,1.7,013 km S 24‹ W of Calatagan (Batangas)
17 May 2022 - 02:34 PM,15.31,120.24,127,2,026 km N 50‹ E of Cabangan (Zambales)
17 May 2022 - 05:24 AM,11.51,124.41,10,3,007 km N 11‹ W of Calubian (Leyte)
17 May 2022 - 03:53 AM,19.91,120.2,20,2.6,138 km N 50‹ W of Dalupiri Island (Calayan) (Cagayan)
17 May 2022 - 03:34 AM,17.22,121.92,19,2.5,023 km N 65‹ E of Quirino (Isabela)
17 May 2022 - 03:30 AM,13.41,119.83,11,2.8,057 km S 53‹ W of Looc (Occidental Mindoro)
17 May 2022 - 02:47 AM,13.74,120.64,98,2.2,010 km S 02‹ E of Calatagan (Batangas)
17 May 2022 - 02:10 AM,13.06,124.49,8,3.4,032 km N 87‹ E of Prieto Diaz (Sorsogon)
17 May 2022 - 01:35 AM,9.69,126.21,10,2.3,012 km S 30‹ E of General Luna (Surigao Del Norte)
17 May 2022 - 01:33 AM,11.75,125.26,25,2.4,021 km S 88‹ W of San Julian (Eastern Samar)
17 May 2022 - 12:52 AM,10.17,122.4,4,2,033 km N 48‹ W of Cauayan (Negros Occidental)
17 May 2022 - 12:50 AM,7.87,126.82,1,2.5,042 km N 77‹ E of Cateel (Davao Oriental)
17 May 2022 - 12:34 AM,8.06,126.61,2,3.1,022 km N 84‹ E of Lingig (Surigao Del Sur)
17 May 2022 - 12:16 AM,16.67,120.33,7,2.3,001 km S 71‹ W of San Juan (La Union)
16 May 2022 - 11:25 PM,16.89,120.72,3,2.3,008 km N 67‹ W of Mankayan (Benguet)
16 May 2022 - 07:50 PM,19.96,121.43,10,2.7,062 km S 48‹ W of Sabtang (Batanes)
16 May 2022 - 06:37 PM,10.42,126.17,18,2.5,046 km N 18‹ E of Santa Monica (Surigao Del Norte)
16 May 2022 - 05:55 PM,9.7,125.88,28,2,013 km N 48‹ W of Socorro (Surigao Del Norte)
16 May 2022 - 05:06 PM,20.97,121.95,178,3.2,023 km N 28‹ E of Itbayat (Batanes)
16 May 2022 - 03:34 PM,9.96,126.31,35,1.8,026 km N 42‹ E of General Luna (Surigao Del Norte)
16 May 2022 - 02:44 PM,15.99,118.67,27,2.8,122 km S 83‹ W of Agno (Pangasinan)
16 May 2022 - 01:35 PM,8.83,126.19,19,2.6,012 km N 73‹ W of Marihatag (Surigao Del Sur)
16 May 2022 - 08:32 AM,18.34,121.03,30,2.1,010 km N 09‹ W of Calanasan (Apayao)
16 May 2022 - 07:46 AM,4.19,127.23,4,3.6,242 km S 56‹ E of Balut Island (Municipality Of Sarangani) (Davao Occidental)
16 May 2022 - 07:20 AM,13.01,124.41,7,2.3,037 km N 08‹ E of Biri (Northern Samar)
16 May 2022 - 07:03 AM,6.89,124.98,28,2.9,013 km N 61‹ E of Tulunan (Cotabato)
16 May 2022 - 06:15 AM,14.21,119.3,22,3,097 km N 66‹ W of Lubang (Occidental Mindoro)
16 May 2022 - 05:15 AM,6.96,126.77,14,3.7,037 km S 75‹ E of Tarragona (Davao Oriental)
16 May 2022 - 03:40 AM,11.66,125.66,9,3,024 km N 46‹ E of Maydolong (Eastern Samar)
16 May 2022 - 02:50 AM,13.71,120.54,95,2.3,017 km S 39‹ W of Calatagan (Batangas)
16 May 2022 - 02:44 AM,9.86,125.77,42,2,021 km S 59‹ E of Dinagat (Dinagat Islands)
16 May 2022 - 02:04 AM,18.52,120.66,6,2.1,002 km N 70‹ E of Burgos (Ilocos Norte)
16 May 2022 - 02:02 AM,13.34,120.05,17,2.7,046 km S 80‹ W of Paluan (Occidental Mindoro)
16 May 2022 - 01:48 AM,13.6,120.3,26,2.6,014 km S 08‹ E of Looc (Occidental Mindoro)
15 May 2022 - 11:21 PM,13.94,119.18,44,2.8,101 km N 86‹ W of Lubang (Occidental Mindoro)
15 May 2022 - 08:49 PM,14.03,119.19,30,2.8,103 km N 80‹ W of Lubang (Occidental Mindoro)
15 May 2022 - 07:32 PM,19.16,121.09,27,2,024 km N 60‹ W of Dalupiri Island (Calayan) (Cagayan)
15 May 2022 - 06:13 PM,10.38,125.12,1,2.9,009 km S 74‹ W of Hinunangan (Southern Leyte)
15 May 2022 - 05:30 PM,11.98,125.77,10,3.2,032 km S 79‹ E of Dolores (Eastern Samar)
15 May 2022 - 05:12 PM,12.16,120.68,5,2.8,045 km S 43‹ W of Rizal (Occidental Mindoro)
15 May 2022 - 02:39 PM,8.89,125.98,27,2.3,029 km S 45‹ W of City Of Tandag (Surigao Del Sur)
15 May 2022 - 02:39 PM,8.55,126.48,4,2.2,026 km N 37‹ E of Hinatuan (Surigao Del Sur)
15 May 2022 - 02:05 PM,13.63,120.71,83,2,024 km S 21‹ E of Calatagan (Batangas)
15 May 2022 - 10:51 AM,7.72,122.15,8,1.9,003 km N 43‹ E of Siocon (Zamboanga Del Norte)
15 May 2022 - 10:45 AM,9.43,126.3,18,3.1,020 km N 35‹ E of Cortes (Surigao Del Sur)
15 May 2022 - 10:41 AM,18.6,120.97,22,2.2,005 km N 37‹ W of Santa Praxedes (Cagayan)
15 May 2022 - 10:33 AM,8.03,126.14,5,2.1,013 km N 65‹ E of Santa Josefa (Agusan Del Sur)
15 May 2022 - 10:06 AM,15.74,121.1,17,2,003 km N 11‹ W of Rizal (Nueva Ecija)
15 May 2022 - 09:56 AM,8.82,126.33,18,2.1,012 km S 17‹ E of Cagwait (Surigao Del Sur)
15 May 2022 - 09:41 AM,10.05,123.85,33,2.2,017 km N 47‹ W of Tubigon (Bohol)
15 May 2022 - 09:31 AM,14.74,121.97,32,1.5,005 km N 43‹ E of Polillo (Quezon)
15 May 2022 - 08:44 AM,19.47,121.08,3,3,042 km N 18‹ W of Dalupiri Island (Calayan) (Cagayan)
15 May 2022 - 08:22 AM,8.2,121.35,20,3.1,098 km N 64‹ W of Baliguian (Zamboanga Del Norte)
15 May 2022 - 08:03 AM,6.27,126.39,104,3.8,055 km S 39‹ E of Governor Generoso (Davao Oriental)
15 May 2022 - 07:45 AM,9.85,124.02,5,2.7,003 km S 38‹ E of Catigbian (Bohol)
15 May 2022 - 07:18 AM,10.19,125.85,21,2.1,028 km N 47‹ W of Santa Monica (Surigao Del Norte)
15 May 2022 - 05:35 AM,19.1,121.47,2,2.2,017 km S 01‹ W of Calayan (Cagayan)
15 May 2022 - 05:20 AM,19.1,121.61,1,2.4,023 km S 37‹ E of Calayan (Cagayan)
15 May 2022 - 05:09 AM,6.45,127.11,96,2.8,098 km S 48‹ E of Tarragona (Davao Oriental)
15 May 2022 - 04:50 AM,8.79,126.15,113,1.8,009 km N 59‹ W of San Agustin (Surigao Del Sur)
15 May 2022 - 04:48 AM,16.96,121.52,22,1.7,005 km N 33‹ E of Alfonso Lista (Ifugao)
15 May 2022 - 04:43 AM,13.97,119.22,26,2.9,098 km N 83‹ W of Lubang (Occidental Mindoro)
15 May 2022 - 04:20 AM,14.79,122.58,14,2.1,029 km N 68‹ E of Jomalig (Quezon)
15 May 2022 - 03:55 AM,6.79,123.82,30,2,032 km N 59‹ W of Lebak (Sultan Kudarat)
15 May 2022 - 03:53 AM,15.01,122.59,3,2.5,044 km N 39‹ E of Jomalig (Quezon)
15 May 2022 - 03:29 AM,3.09,126.51,70,3.9,271 km S 25‹ E of Balut Island (Municipality Of Sarangani) (Davao Occidental)
15 May 2022 - 03:27 AM,16.38,122.06,6,2.3,017 km S 85‹ W of Dilasag (Aurora)
15 May 2022 - 03:12 AM,17.96,120.15,20,2.4,036 km S 80‹ W of Currimao (Ilocos Norte)
15 May 2022 - 03:08 AM,13.75,120.58,101,2,010 km S 31‹ W of Calatagan (Batangas)
15 May 2022 - 03:08 AM,9.84,124.03,11,2.1,003 km S 53‹ E of Catigbian (Bohol)
15 May 2022 - 02:48 AM,8.69,124.6,5,2.5,020 km S 75‹ W of Balingasag (Misamis Oriental)
15 May 2022 - 02:42 AM,15.38,119.97,38,2.1,006 km N 08‹ W of Iba (Zambales)
15 May 2022 - 02:30 AM,9.95,123.04,28,2,018 km S 80‹ W of Jimalalud (Negros Oriental)
15 May 2022 - 02:23 AM,7.71,122.18,13,1.8,004 km N 81‹ E of Siocon (Zamboanga Del Norte)
15 May 2022 - 01:46 AM,16.27,121.34,25,1.9,007 km S 43‹ E of Kasibu (Nueva Vizcaya)
15 May 2022 - 01:45 AM,8.06,124.44,1,2.7,004 km S 58‹ E of Tagoloan Ii (Lanao Del Sur)
15 May 2022 - 01:35 AM,11.63,125.78,17,2.6,033 km N 66‹ E of Maydolong (Eastern Samar)
15 May 2022 - 01:19 AM,8.71,122.74,7,1.8,043 km N 47‹ W of Jose Dalman (Zamboanga Del Norte)
15 May 2022 - 12:55 AM,10.01,126.13,35,1.6,006 km S 84‹ E of Burgos (Surigao Del Norte)
15 May 2022 - 12:42 AM,18.88,121.06,20,1.9,029 km S 33‹ W of Dalupiri Island (Calayan) (Cagayan)
15 May 2022 - 12:12 AM,19.81,121.08,17,2.5,073 km N 35‹ W of Calayan (Cagayan)
14 May 2022 - 11:56 PM,9.73,125.46,23,2,007 km S 31‹ W of City Of Surigao (Surigao Del Norte)
14 May 2022 - 11:55 PM,9.91,126.15,26,1.4,007 km N 46‹ E of Pilar (Surigao Del Norte)
14 May 2022 - 11:26 PM,19.2,121.46,62,2.1,007 km S 11‹ W of Calayan (Cagayan)
14 May 2022 - 11:08 PM,12.44,124.62,18,2,007 km S 18‹ W of Catarman (Northern Samar)
14 May 2022 - 10:49 PM,12.34,123.8,13,2.5,009 km S 13‹ E of Batuan (Masbate)
14 May 2022 - 10:43 PM,12.5,124.49,22,2.5,003 km S 13‹ E of San Jose (Northern Samar)
14 May 2022 - 10:28 PM,14.25,120.31,72,2.1,029 km S 43‹ W of Mariveles (Bataan)
14 May 2022 - 10:10 PM,6.67,125.14,8,2.5,009 km S 13‹ W of Magsaysay (Davao Del Sur)
14 May 2022 - 09:47 PM,16.28,122.11,40,2.2,002 km N 66‹ W of Casiguran (Aurora)
14 May 2022 - 09:21 PM,12.88,124.87,6,3.1,038 km N 23‹ W of Laoang (Northern Samar)
14 May 2022 - 08:19 PM,9.21,126.87,1,2.3,070 km N 67‹ E of Bayabas (Surigao Del Sur)
14 May 2022 - 06:33 PM,9.02,121.78,64,3.2,099 km S 50‹ W of Hinoba-an (Negros Occidental)
14 May 2022 - 06:11 PM,13.42,123.18,16,2.2,012 km S 64‹ W of Bula (Camarines Sur)
14 May 2022 - 05:08 PM,14.3,119.07,24,2.2,124 km N 67‹ W of Lubang (Occidental Mindoro)
14 May 2022 - 11:27 AM,10.1,124.32,33,1.7,005 km S 11‹ W of Talibon (Bohol)
14 May 2022 - 09:52 AM,16.34,120.98,32,2,008 km N 52‹ W of Aritao (Nueva Vizcaya)
14 May 2022 - 08:30 AM,9.45,123.87,1,3.4,019 km S 42‹ E of Panglao (Bohol)
14 May 2022 - 07:39 AM,13.77,120.54,169,2.9,012 km S 55‹ W of Calatagan (Batangas)
14 May 2022 - 05:41 AM,13.66,120.6,84,2,020 km S 09‹ W of Calatagan (Batangas)
14 May 2022 - 05:14 AM,10.56,124.67,33,1.6,010 km N 48‹ W of Inopacan (Leyte)
14 May 2022 - 04:40 AM,7.86,123.26,18,1.7,005 km N 40‹ E of Tigbao (Zamboanga Del Sur)
14 May 2022 - 04:34 AM,14.55,119.14,18,2.2,112 km S 66‹ W of San Antonio (Zambales)
14 May 2022 - 03:20 AM,8.9,125.95,20,1.6,030 km N 47‹ E of City Of Bayugan (Agusan Del Sur)
14 May 2022 - 03:13 AM,18.85,120.51,15,2.1,040 km N 21‹ W of Burgos (Ilocos Norte)
14 May 2022 - 03:04 AM,6.21,127.54,56,3.5,153 km S 52‹ E of Tarragona (Davao Oriental)
14 May 2022 - 03:00 AM,9.82,126.28,3,2,014 km N 73‹ E of General Luna (Surigao Del Norte)
14 May 2022 - 02:59 AM,9.55,126.19,16,1.7,026 km S 72‹ E of Socorro (Surigao Del Norte)
14 May 2022 - 02:18 AM,17.11,120.3,18,2.7,016 km N 78‹ W of Santa Cruz (Ilocos Sur)
14 May 2022 - 02:04 AM,18.05,120.26,8,2,024 km N 81‹ W of Currimao (Ilocos Norte)
14 May 2022 - 01:51 AM,8.07,125.89,32,2,013 km S 17‹ E of Loreto (Agusan Del Sur)
14 May 2022 - 01:22 AM,7.69,124.33,26,2.4,006 km S 14‹ E of Butig (Lanao Del Sur)
14 May 2022 - 01:20 AM,9.22,126.27,24,2.1,011 km S 55‹ E of Cortes (Surigao Del Sur)
14 May 2022 - 01:15 AM,10.13,125.37,165,2.5,019 km S 68‹ W of Libjo (Dinagat Islands)
14 May 2022 - 01:14 AM,8.53,125.81,20,2.3,009 km N 20‹ E of Talacogon (Agusan Del Sur)
14 May 2022 - 01:01 AM,13.94,120.47,117,3.8,021 km N 55‹ W of Calatagan (Batangas)
13 May 2022 - 11:44 PM,9.79,122.24,22,2.7,021 km N 85‹ W of City Of Sipalay (Negros Occidental)
13 May 2022 - 11:03 PM,6.24,124.28,27,1.6,010 km N 75‹ E of Palimbang (Sultan Kudarat)
13 May 2022 - 11:00 PM,7.5,122.96,5,1.6,002 km S 58‹ E of Alicia (Zamboanga Sibugay)
13 May 2022 - 10:37 PM,14.71,119.57,19,3.2,062 km S 65‹ W of San Antonio (Zambales)
13 May 2022 - 09:59 PM,13.86,120.23,42,2.5,012 km N 89‹ E of Lubang (Occidental Mindoro)
13 May 2022 - 08:48 PM,7.36,127.13,5,3.1,067 km N 75‹ E of Manay (Davao Oriental)
13 May 2022 - 08:46 PM,7.65,126.53,1,3,009 km N 20‹ W of Baganga (Davao Oriental)
13 May 2022 - 08:38 PM,6.5,122.34,7,2.1,017 km S 27‹ E of Hadji Mohammad Ajul (Basilan)
13 May 2022 - 08:31 PM,7.15,127.25,15,3.9,078 km S 85‹ E of Manay (Davao Oriental)
13 May 2022 - 07:50 PM,6.12,125.26,101,3,009 km N 87‹ E of City Of General Santos (South Cotabato)
13 May 2022 - 07:29 PM,14.31,119.15,30,3,116 km N 65‹ W of Lubang (Occidental Mindoro)
13 May 2022 - 06:26 PM,14.02,120.55,74,1.5,010 km S 57‹ W of Nasugbu (Batangas)
13 May 2022 - 06:19 PM,7.81,122.65,32,1.5,007 km N 68‹ E of Ipil (Zamboanga Sibugay)
13 May 2022 - 01:43 PM,14.13,120.57,1,1.6,009 km N 44‹ W of Nasugbu (Batangas)
13 May 2022 - 01:05 PM,13.18,120.72,26,1.7,011 km N 01‹ E of Santa Cruz (Occidental Mindoro)
13 May 2022 - 11:50 AM,7.39,124.82,24,2.1,019 km S 48‹ E of Banisilan (Cotabato)
13 May 2022 - 07:16 AM,19.85,120.99,6,4,083 km N 38‹ W of Calayan (Cagayan)
13 May 2022 - 04:50 AM,14.15,120.34,106,2,032 km N 76‹ W of Nasugbu (Batangas)
13 May 2022 - 04:49 AM,18.84,121.24,5,2.6,013 km S 84‹ W of Fuga Island (Aparri) (Cagayan)
13 May 2022 - 04:30 AM,19.5,121.65,39,3.2,028 km S 87‹ W of Babuyan Island (Calayan) (Cagayan)
13 May 2022 - 04:30 AM,12.21,120.84,32,1.8,029 km S 58‹ W of San Jose (Occidental Mindoro)
13 May 2022 - 04:15 AM,8.87,127.25,24,2.6,105 km N 86‹ E of Marihatag (Surigao Del Sur)
13 May 2022 - 03:46 AM,16.91,120.18,25,2.4,022 km N 75‹ W of Luna (La Union)
13 May 2022 - 03:43 AM,16.33,119.62,31,2.4,030 km S 77‹ W of Bolinao (Pangasinan)
13 May 2022 - 03:29 AM,14.2,119.1,24,3.2,117 km N 71‹ W of Lubang (Occidental Mindoro)
13 May 2022 - 03:25 AM,14.45,120.19,69,3.2,026 km S 18‹ W of Morong (Bataan)
13 May 2022 - 03:22 AM,10.23,125.77,23,2.7,025 km S 55‹ E of Loreto (Dinagat Islands)
13 May 2022 - 02:58 AM,13.75,122.96,1,1.8,002 km S 60‹ W of Sipocot (Camarines Sur)
13 May 2022 - 01:56 AM,12.94,125.59,26,2.2,063 km N 35‹ E of Mapanas (Northern Samar)
13 May 2022 - 01:29 AM,13.96,119.25,33,1.9,095 km N 83‹ W of Lubang (Occidental Mindoro)
13 May 2022 - 01:04 AM,15.61,120.62,33,2,002 km N 64‹ E of Gerona (Tarlac)
13 May 2022 - 12:14 AM,5.98,126.91,72,4.6,119 km S 51‹ E of Governor Generoso (Davao Oriental)
12 May 2022 - 11:46 PM,13.93,120.49,71,1.7,019 km N 55‹ W of Calatagan (Batangas)
12 May 2022 - 11:40 PM,8.67,126.42,2,2.4,020 km S 45‹ E of Marihatag (Surigao Del Sur)
12 May 2022 - 11:24 PM,9.34,125.57,7,2,006 km S 84‹ E of Jabonga (Agusan Del Norte)
12 May 2022 - 11:22 PM,16.43,119.66,1,3.6,025 km N 79‹ W of Bolinao (Pangasinan)
12 May 2022 - 10:48 PM,9.22,122.56,25,2.4,023 km S 11‹ W of Basay (Negros Oriental)
12 May 2022 - 10:43 PM,15.04,123.25,1,2.4,071 km N 27‹ E of Tinaga Island (Vinzons) (Camarines Norte)
12 May 2022 - 10:20 PM,17.37,119.8,18,2.3,065 km S 68‹ W of Santa Catalina (Ilocos Sur)
12 May 2022 - 09:36 PM,7.06,128.07,19,3.5,169 km S 80‹ E of Caraga (Davao Oriental)
12 May 2022 - 08:23 PM,6.07,127.98,61,4,201 km S 57‹ E of Tarragona (Davao Oriental)
12 May 2022 - 07:14 PM,20.58,122.91,92,3,099 km N 81‹ E of Basco (Batanes)
12 May 2022 - 05:17 PM,17.3,119.36,34,2.5,113 km S 76‹ W of Caoayan (Ilocos Sur)
12 May 2022 - 04:52 PM,13.8,120.6,86,1.7,005 km S 46‹ W of Calatagan (Batangas)
12 May 2022 - 03:53 PM,13.31,124.25,1,2.9,019 km N 43‹ E of Rapu-rapu (Albay)
12 May 2022 - 03:46 PM,13.23,120.13,10,2.3,042 km S 61‹ W of Paluan (Occidental Mindoro)
12 May 2022 - 01:54 PM,9.53,126.61,7,3.8,054 km N 58‹ E of Cortes (Surigao Del Sur)
12 May 2022 - 01:43 PM,9.57,126.59,2,4.3,054 km N 53‹ E of Cortes (Surigao Del Sur)
12 May 2022 - 01:37 PM,5.45,124.64,1,2.6,060 km S 02‹ E of Kiamba (Sarangani)
12 May 2022 - 12:50 PM,10.13,125.79,27,2.2,026 km N 62‹ E of San Jose (Dinagat Islands)
12 May 2022 - 12:48 PM,9.77,123.74,36,2.3,007 km S 59‹ W of Loon (Bohol)
12 May 2022 - 11:23 AM,8.61,126.6,38,2.6,039 km N 47‹ E of Hinatuan (Surigao Del Sur)
12 May 2022 - 08:50 AM,7.49,126.16,28,2.8,007 km S 20‹ E of New Bataan (Davao De Oro)
12 May 2022 - 08:24 AM,8.58,126.81,24,2.4,061 km S 67‹ E of Marihatag (Surigao Del Sur)
12 May 2022 - 06:58 AM,9.51,126.71,9,2.6,063 km N 65‹ E of Cortes (Surigao Del Sur)
12 May 2022 - 06:33 AM,13.75,119.76,1,2.6,041 km S 72‹ W of Lubang (Occidental Mindoro)
12 May 2022 - 05:45 AM,9.29,126.36,13,2,018 km N 86‹ E of Cortes (Surigao Del Sur)
12 May 2022 - 05:18 AM,12.8,121.13,31,1.8,039 km N 82‹ W of Bongabong (Oriental Mindoro)
12 May 2022 - 04:51 AM,3.5,126.48,135,4,242 km S 29‹ E of Balut Island (Municipality Of Sarangani) (Davao Occidental)
12 May 2022 - 04:12 AM,7.85,122.83,47,1.9,010 km N 52‹ E of Kabasalan (Zamboanga Sibugay)
12 May 2022 - 03:12 AM,5.24,126.1,146,4.8,074 km S 69‹ E of Sarangani Island (Municipality Of Sarangani) (Davao Occidental)
12 May 2022 - 03:11 AM,14.25,119.1,28,2.8,119 km N 69‹ W of Lubang (Occidental Mindoro)
12 May 2022 - 02:51 AM,14.19,119.08,33,3.3,119 km N 72‹ W of Lubang (Occidental Mindoro)
12 May 2022 - 02:25 AM,14.26,119.24,14,2.9,105 km N 65‹ W of Lubang (Occidental Mindoro)
12 May 2022 - 02:03 AM,8.58,126.4,28,2.4,025 km N 16‹ E of Hinatuan (Surigao Del Sur)
12 May 2022 - 01:37 AM,17.45,120.35,28,2.3,014 km S 17‹ W of City Of Vigan (Ilocos Sur)
12 May 2022 - 01:16 AM,16.3,122.29,41,1.6,014 km S 40‹ E of Dilasag (Aurora)
12 May 2022 - 12:20 AM,2.89,126.45,103,4.9,301 km S 22‹ E of Balut Island (Municipality Of Sarangani) (Davao Occidental)
11 May 2022 - 11:44 PM,7.68,126.78,5,2.5,046 km N 31‹ E of Caraga (Davao Oriental)
11 May 2022 - 11:37 PM,6.94,126.63,223,3.4,046 km S 89‹ E of City Of Mati (Davao Oriental)
11 May 2022 - 10:34 PM,11.42,125.65,25,2.8,009 km N 26‹ E of Hernani (Eastern Samar)
11 May 2022 - 10:11 PM,18.13,121.35,41,2,011 km N 30‹ W of Kabugao (Apayao)
11 May 2022 - 09:50 PM,9.18,126.2,18,1.9,011 km S 06‹ E of Cortes (Surigao Del Sur)
11 May 2022 - 09:36 PM,16.88,121.42,19,1.8,014 km S 42‹ E of Aguinaldo (Ifugao)
11 May 2022 - 09:33 PM,16.81,121.32,33,1.6,021 km N 88‹ E of Lagawe (Ifugao)
11 May 2022 - 09:32 PM,16.86,121.39,35,1.7,015 km S 27‹ E of Aguinaldo (Ifugao)
11 May 2022 - 08:49 PM,7.71,122.19,8,1.8,006 km East of Siocon (Zamboanga Del Norte)
11 May 2022 - 08:00 PM,5.36,125.82,206,3.1,040 km S 72‹ E of Sarangani Island (Municipality Of Sarangani) (Davao Occidental)
11 May 2022 - 07:59 PM,13.72,120.59,90,1.5,014 km S 21‹ W of Calatagan (Batangas)
11 May 2022 - 06:45 PM,6.8,123.57,31,2,058 km N 71‹ W of Lebak (Sultan Kudarat)
11 May 2022 - 06:35 PM,13.71,120.55,90,1.8,016 km S 31‹ W of Calatagan (Batangas)
11 May 2022 - 06:19 PM,14.12,119.26,33,2.3,097 km N 73‹ W of Lubang (Occidental Mindoro)
11 May 2022 - 05:52 PM,6.7,126.02,60,3,008 km N 44‹ W of Governor Generoso (Davao Oriental)
11 May 2022 - 05:24 PM,12.89,125.37,19,4.1,048 km N 16‹ E of Mapanas (Northern Samar)
11 May 2022 - 05:12 PM,13.65,120.96,26,1.6,010 km S 86‹ E of Tingloy (Batangas)
11 May 2022 - 03:51 PM,15.77,121.64,25,2.4,009 km N 81‹ E of Baler (Aurora)
11 May 2022 - 03:09 PM,13.68,119.66,1,2.4,053 km S 69‹ W of Lubang (Occidental Mindoro)
11 May 2022 - 12:07 PM,13.75,120.59,95,1.6,011 km S 29‹ W of Calatagan (Batangas)
11 May 2022 - 09:39 AM,4.87,123.09,591,4,191 km S 39‹ W of Palimbang (Sultan Kudarat)
11 May 2022 - 07:24 AM,18.76,120.83,33,2.1,023 km N 12‹ E of Pagudpud (Ilocos Norte)
11 May 2022 - 07:03 AM,10.04,124.33,27,1.7,006 km N 07‹ W of San Miguel (Bohol)
11 May 2022 - 06:49 AM,10.15,125.56,93,2.9,005 km S 27‹ E of Libjo (Dinagat Islands)
11 May 2022 - 06:25 AM,9.25,123.17,9,2.4,009 km S 68‹ W of Valencia (Negros Oriental)
11 May 2022 - 03:49 AM,13.76,120.49,103,2.2,017 km S 61‹ W of Calatagan (Batangas)
11 May 2022 - 03:17 AM,10.17,125.58,99,3.4,006 km S 56‹ E of Libjo (Dinagat Islands)
11 May 2022 - 03:04 AM,13.76,120.56,92,2.1,011 km S 48‹ W of Calatagan (Batangas)
11 May 2022 - 02:46 AM,14.62,123.35,12,2.2,047 km N 70‹ E of Tinaga Island (Vinzons) (Camarines Norte)
11 May 2022 - 02:43 AM,13.23,122.16,7,2,012 km S 39‹ E of Torrijos (Marinduque)
11 May 2022 - 01:29 AM,10.13,126.31,14,2,028 km N 63‹ E of Burgos (Surigao Del Norte)
11 May 2022 - 01:14 AM,6.75,123.85,32,2.4,031 km N 46‹ W of Kalamansig (Sultan Kudarat)
11 May 2022 - 12:30 AM,15.47,120.19,20,1.6,026 km S 74‹ E of Masinloc (Zambales)
11 May 2022 - 12:21 AM,13.78,120.56,90,1.7,010 km S 57‹ W of Calatagan (Batangas)
11 May 2022 - 12:11 AM,17.93,119.68,20,2.6,082 km N 85‹ W of Sinait (Ilocos Sur)
11 May 2022 - 12:00 AM,11.35,125.63,18,2.6,012 km S 50‹ E of Llorente (Eastern Samar)
10 May 2022 - 11:57 PM,12.78,124.87,23,3.2,025 km N 15‹ W of Pambujan (Northern Samar)
10 May 2022 - 11:34 PM,18.02,120.37,13,2.1,012 km N 89‹ W of Currimao (Ilocos Norte)
10 May 2022 - 11:09 PM,5.78,124.81,2,2.5,030 km S 42‹ E of Kiamba (Sarangani)
10 May 2022 - 11:06 PM,6.03,124.32,2,2.6,034 km N 82‹ W of Kiamba (Sarangani)
10 May 2022 - 10:18 PM,13.78,120.57,88,2.2,009 km S 51‹ W of Calatagan (Batangas)
10 May 2022 - 10:14 PM,13.78,120.45,101,4.2,021 km S 74‹ W of Calatagan (Batangas)
10 May 2022 - 08:45 PM,7.16,127.06,40,2.6,058 km S 84‹ E of Manay (Davao Oriental)
10 May 2022 - 08:14 PM,13.76,120.31,5,1.8,008 km N 59‹ E of Looc (Occidental Mindoro)
10 May 2022 - 08:11 PM,6.35,126.42,60,3.1,051 km S 49‹ E of Governor Generoso (Davao Oriental)
10 May 2022 - 07:37 PM,13.24,121.16,29,2,015 km N 62‹ W of Victoria (Oriental Mindoro)
10 May 2022 - 04:28 PM,3.27,127.83,257,4.3,357 km S 48‹ E of Balut Island (Municipality Of Sarangani) (Davao Occidental)
10 May 2022 - 02:02 PM,10.31,125.16,1,2.9,004 km N 41‹ E of Saint Bernard (Southern Leyte)
10 May 2022 - 01:29 PM,10.09,124.25,17,1.6,011 km S 53‹ W of Talibon (Bohol)
10 May 2022 - 01:08 PM,6.47,127.57,29,3.2,140 km S 63‹ E of Tarragona (Davao Oriental)
10 May 2022 - 12:20 PM,16.88,120.46,3,2.7,004 km S 74‹ E of Bangar (La Union)
10 May 2022 - 11:56 AM,16.7,120.89,26,1.8,006 km N 63‹ W of Tinoc (Ifugao)
10 May 2022 - 11:21 AM,7.96,126.46,97,3.8,010 km S 29‹ E of Lingig (Surigao Del Sur)
10 May 2022 - 10:43 AM,9.63,126.42,32,2.4,033 km S 60‹ E of General Luna (Surigao Del Norte)
10 May 2022 - 08:53 AM,12.7,122.4,25,2.6,020 km N 45‹ E of Romblon (Romblon)
10 May 2022 - 07:13 AM,10.01,126.07,10,3,001 km S 49‹ W of Burgos (Surigao Del Norte)
10 May 2022 - 05:24 AM,10.34,125.1,1,2.3,007 km N 51‹ E of Libagon (Southern Leyte)
10 May 2022 - 04:47 AM,8.64,126.37,1,2.7,020 km S 23‹ E of Marihatag (Surigao Del Sur)
10 May 2022 - 04:27 AM,13.7,120.63,102,1.8,015 km S 01‹ E of Calatagan (Batangas)
10 May 2022 - 04:22 AM,8.77,126.46,44,2.1,018 km S 81‹ E of Marihatag (Surigao Del Sur)
10 May 2022 - 04:18 AM,20.23,121.33,15,3.2,058 km S 79‹ W of Sabtang (Batanes)
10 May 2022 - 04:03 AM,10.36,125.59,51,1.7,012 km N 82‹ E of Homonhon Island (Guiuan) (Eastern Samar)
10 May 2022 - 03:26 AM,6.41,127.13,33,3.2,103 km S 47‹ E of Tarragona (Davao Oriental)
10 May 2022 - 02:52 AM,17.86,119.92,25,3,056 km N 57‹ W of Santa Catalina (Ilocos Sur)
10 May 2022 - 02:37 AM,14.02,119.24,31,2,091 km N 85‹ W of Lubang (Occidental Mindoro)
10 May 2022 - 01:15 AM,14.35,119.27,15,2.1,107 km N 59‹ W of Lubang (Occidental Mindoro)
10 May 2022 - 12:39 AM,13.3,125.42,43,3.7,090 km N 21‹ E of Palapag (Northern Samar)
09 May 2022 - 11:24 PM,15.73,122.03,8,2.7,035 km N 79‹ E of Baler (Aurora)
09 May 2022 - 11:22 PM,13.73,120.62,103,1.9,011 km S 08‹ W of Calatagan (Batangas)
09 May 2022 - 10:12 PM,15.58,119.91,40,1.9,006 km S 24‹ W of Candelaria (Zambales)
09 May 2022 - 10:07 PM,16.3,120.85,22,1.7,018 km N 32‹ W of Santa Fe (Nueva Vizcaya)
09 May 2022 - 09:43 PM,7.07,126.94,19,3.1,047 km S 71‹ E of Manay (Davao Oriental)
09 May 2022 - 06:53 PM,8.01,126.4,14,2.6,003 km S 33‹ W of Lingig (Surigao Del Sur)
09 May 2022 - 06:44 PM,7.23,127.23,28,3.8,076 km N 88‹ E of Manay (Davao Oriental)
09 May 2022 - 06:35 PM,12.44,120.44,1,2.1,055 km N 27‹ E of Coron (Palawan)
09 May 2022 - 05:30 PM,3.83,126.3,96,3.4,200 km S 29‹ E of Balut Island (Municipality Of Sarangani) (Davao Occidental)
09 May 2022 - 05:27 PM,4.15,126.23,108,3.9,166 km S 33‹ E of Balut Island (Municipality Of Sarangani) (Davao Occidental)
09 May 2022 - 04:39 PM,8.71,124.66,5,2.8,013 km N 59‹ W of Jasaan (Misamis Oriental)
09 May 2022 - 04:36 PM,18.66,123.21,15,3.3,115 km N 79‹ E of Santa Ana (Cagayan)
09 May 2022 - 03:03 PM,19.07,121.19,14,3.7,004 km S 26‹ W of Dalupiri Island (Calayan) (Cagayan)
09 May 2022 - 02:59 PM,13.93,120.57,6,1.4,013 km N 33‹ W of Calatagan (Batangas)
09 May 2022 - 01:29 PM,8.64,124.51,5,2.5,010 km N 10‹ W of City Of El Salvador (Misamis Oriental)
09 May 2022 - 01:25 PM,13.1,124,5,2.8,013 km N 10‹ W of City Of Sorsogon (Sorsogon)
09 May 2022 - 01:23 PM,10.1,124.97,19,1.7,008 km S 25‹ W of Malitbog (Southern Leyte)
09 May 2022 - 01:10 PM,12.97,123.69,7,2.3,012 km S 77‹ W of Castilla (Sorsogon)
09 May 2022 - 12:59 PM,8.73,124.64,1,2.3,015 km N 54‹ W of Jasaan (Misamis Oriental)
09 May 2022 - 12:34 PM,8.71,124.6,1,2.7,018 km N 69‹ W of Jasaan (Misamis Oriental)
09 May 2022 - 11:57 AM,8.73,124.67,3,2.9,012 km S 83‹ W of Balingasag (Misamis Oriental)
09 May 2022 - 11:31 AM,9.79,123.82,16,2.4,003 km S 57‹ E of Loon (Bohol)
09 May 2022 - 11:17 AM,8.73,124.62,1,2.5,017 km N 62‹ W of Jasaan (Misamis Oriental)
09 May 2022 - 11:02 AM,15.37,119.96,63,2.5,004 km N 18‹ W of Iba (Zambales)
09 May 2022 - 10:42 AM,8.56,126.74,31,2.3,049 km N 65‹ E of Hinatuan (Surigao Del Sur)
09 May 2022 - 09:52 AM,7.83,126.91,8,2.5,048 km N 53‹ E of Baganga (Davao Oriental)
09 May 2022 - 09:03 AM,9.06,126.27,24,2,010 km N 05‹ W of Bayabas (Surigao Del Sur)
09 May 2022 - 08:44 AM,13.36,120.2,31,1.8,030 km S 77‹ W of Paluan (Occidental Mindoro)
09 May 2022 - 08:04 AM,9.78,122.55,28,2.6,013 km N 85‹ E of City Of Sipalay (Negros Occidental)
09 May 2022 - 06:55 AM,18.5,121.01,24,3.2,007 km S 19‹ E of Santa Praxedes (Cagayan)
09 May 2022 - 05:35 AM,6.81,125.03,4,3.8,018 km S 80‹ E of Tulunan (Cotabato)
09 May 2022 - 05:03 AM,10,124.18,22,2.1,007 km N 40‹ W of Danao (Bohol)
09 May 2022 - 03:44 AM,13.12,124.1,19,2.6,008 km S 25‹ W of Rapu-rapu (Albay)
09 May 2022 - 01:42 AM,15.07,119.9,7,2.3,019 km S 58‹ W of Cabangan (Zambales)
09 May 2022 - 12:34 AM,3.06,126.87,101,4.5,306 km S 32‹ E of Balut Island (Municipality Of Sarangani) (Davao Occidental)
09 May 2022 - 12:31 AM,6.66,125.02,8,2.4,007 km S 63‹ E of Columbio (Sultan Kudarat)
08 May 2022 - 11:58 PM,13.87,119.81,4,2.1,034 km N 87‹ W of Lubang (Occidental Mindoro)
08 May 2022 - 10:29 PM,10.58,126.04,2,2.9,039 km S 63‹ E of Homonhon Island (Guiuan) (Eastern Samar)
08 May 2022 - 08:17 PM,3.42,126.76,4,4.9,266 km S 34‹ E of Balut Island (Municipality Of Sarangani) (Davao Occidental)
08 May 2022 - 07:25 PM,18.19,120.8,27,1.7,006 km N 21‹ W of Carasi (Ilocos Norte)
08 May 2022 - 05:09 PM,13.43,120.42,33,2.4,005 km N 79‹ W of Paluan (Occidental Mindoro)
08 May 2022 - 01:16 PM,8.68,126.41,29,3.6,019 km S 43‹ E of Marihatag (Surigao Del Sur)
08 May 2022 - 01:03 PM,5.02,125.45,139,2.9,044 km S 03‹ E of Balut Island (Municipality Of Sarangani) (Davao Occidental)
08 May 2022 - 12:32 PM,16.49,120.58,10,2.7,005 km N 11‹ W of La Trinidad (Benguet)
08 May 2022 - 12:17 PM,14.82,120.14,59,2.7,016 km S 20‹ E of San Antonio (Zambales)
08 May 2022 - 10:18 AM,3.3,126.64,56,4.4,270 km S 30‹ E of Balut Island (Municipality Of Sarangani) (Davao Occidental)
08 May 2022 - 10:12 AM,3.64,126.72,22,4.8,243 km S 36‹ E of Balut Island (Municipality Of Sarangani) (Davao Occidental)
08 May 2022 - 08:55 AM,12.82,120.92,10,2.1,015 km S 81‹ E of Sablayan (Occidental Mindoro)
08 May 2022 - 08:47 AM,4.38,126.99,96,4,207 km S 54‹ E of Sarangani Island (Municipality Of Sarangani) (Davao Occidental)
08 May 2022 - 08:36 AM,13.69,120.77,14,2.4,012 km N 74‹ W of Tingloy (Batangas)
08 May 2022 - 07:10 AM,14.21,119.15,31,3.1,112 km N 70‹ W of Lubang (Occidental Mindoro)
08 May 2022 - 07:02 AM,6.45,127.39,62,4.4,123 km S 57‹ E of Tarragona (Davao Oriental)
08 May 2022 - 05:41 AM,14.25,119.1,28,2.6,118 km N 69‹ W of Lubang (Occidental Mindoro)
08 May 2022 - 05:24 AM,6.53,124.66,5,2.4,010 km S 88‹ E of Bagumbayan (Sultan Kudarat)
08 May 2022 - 05:07 AM,13.69,120.64,105,3.1,016 km S 02‹ E of Calatagan (Batangas)
08 May 2022 - 04:48 AM,6.55,127.22,109,3.1,102 km S 57‹ E of Tarragona (Davao Oriental)
08 May 2022 - 03:09 AM,13.63,120.93,30,1.7,013 km S 03‹ W of Mabini (Batangas)
08 May 2022 - 02:56 AM,3.32,126.99,46,3.8,290 km S 37‹ E of Balut Island (Municipality Of Sarangani) (Davao Occidental)
08 May 2022 - 02:36 AM,7.71,122.16,7,1.8,002 km N 84‹ E of Siocon (Zamboanga Del Norte)
08 May 2022 - 02:31 AM,7.99,126.62,5,2.3,029 km N 41‹ E of Cateel (Davao Oriental)
08 May 2022 - 02:25 AM,9.6,126.45,13,2,038 km S 58‹ E of General Luna (Surigao Del Norte)
08 May 2022 - 01:31 AM,14.99,122.04,14,1.8,017 km N 25‹ E of Burdeos (Quezon)
08 May 2022 - 12:20 AM,13.69,120.62,107,1.6,016 km S 04‹ W of Calatagan (Batangas)
08 May 2022 - 12:02 AM,18.24,122.07,35,1.9,007 km S 75‹ E of Gonzaga (Cagayan)
07 May 2022 - 10:45 PM,14.24,119.05,32,2.2,123 km N 70‹ W of Lubang (Occidental Mindoro)
07 May 2022 - 06:17 PM,12.07,125.45,26,2.4,005 km N 46‹ W of Dolores (Eastern Samar)
07 May 2022 - 06:05 PM,17.68,121.73,104,2.3,004 km N 40‹ W of Tuguegarao City (Cagayan)
07 May 2022 - 05:17 PM,14.32,119.16,44,2.9,116 km N 64‹ W of Lubang (Occidental Mindoro)
07 May 2022 - 04:30 PM,5.26,125.94,135,3.4,057 km S 66‹ E of Sarangani Island (Municipality Of Sarangani) (Davao Occidental)
07 May 2022 - 04:22 PM,14.83,119.98,24,2,017 km S 42‹ W of San Antonio (Zambales)
07 May 2022 - 11:54 AM,7.27,126.74,34,2.4,024 km N 73‹ E of Manay (Davao Oriental)
07 May 2022 - 10:08 AM,14.28,119.22,33,2.8,108 km N 65‹ W of Lubang (Occidental Mindoro)
07 May 2022 - 10:07 AM,6.54,127.34,2,3.2,113 km S 60‹ E of Tarragona (Davao Oriental)
07 May 2022 - 09:11 AM,7.82,126.62,25,2.2,019 km N 81‹ E of Cateel (Davao Oriental)
07 May 2022 - 08:57 AM,8.45,125.65,32,1.9,011 km S 62‹ W of San Luis (Agusan Del Sur)
07 May 2022 - 08:32 AM,6.65,127.28,35,3.1,102 km S 64‹ E of Tarragona (Davao Oriental)
07 May 2022 - 06:08 AM,8.09,126.83,17,3.5,046 km N 82‹ E of Lingig (Surigao Del Sur)
07 May 2022 - 05:16 AM,16.36,121,35,2.3,008 km N 26‹ W of Aritao (Nueva Vizcaya)
07 May 2022 - 04:02 AM,7.6,127.36,1,2.8,088 km N 88‹ E of Baganga (Davao Oriental)
07 May 2022 - 03:40 AM,6.29,126.13,24,3.4,041 km S 08‹ E of Governor Generoso (Davao Oriental)
07 May 2022 - 03:00 AM,6.38,127.39,96,3.6,128 km S 55‹ E of Tarragona (Davao Oriental)
07 May 2022 - 02:40 AM,18.14,121.29,33,2,013 km S 41‹ W of Pudtol (Apayao)
07 May 2022 - 02:23 AM,13.88,120.6,92,2,006 km N 35‹ W of Calatagan (Batangas)
07 May 2022 - 02:21 AM,9.99,126.26,32,2.4,020 km N 74‹ E of San Isidro (Surigao Del Norte)
07 May 2022 - 01:20 AM,15.54,121.77,5,2.3,033 km S 43‹ E of Baler (Aurora)
07 May 2022 - 12:49 AM,14.93,123.74,32,2.6,099 km N 61‹ E of Tinaga Island (Vinzons) (Camarines Norte)
07 May 2022 - 12:14 AM,6.36,127.11,74,4.2,105 km S 44‹ E of Tarragona (Davao Oriental)
06 May 2022 - 11:13 PM,6.16,127.54,95,3.4,155 km S 51‹ E of Tarragona (Davao Oriental)
06 May 2022 - 11:04 PM,9.51,126.39,6,2.4,039 km S 41‹ E of General Luna (Surigao Del Norte)
06 May 2022 - 11:02 PM,8.41,126.66,10,2.7,036 km N 82‹ E of Hinatuan (Surigao Del Sur)
06 May 2022 - 10:22 PM,9.43,126.13,23,2.6,021 km N 70‹ E of Carrascal (Surigao Del Sur)
06 May 2022 - 10:04 PM,16.29,121.09,34,1.6,000 km N 63‹ W of Dupax Del Sur (Nueva Vizcaya)
06 May 2022 - 09:17 PM,6.83,125.57,30,2.5,017 km S 88‹ E of Santa Cruz (Davao Del Sur)
06 May 2022 - 09:06 PM,13.8,120.5,87,1.9,015 km S 77‹ W of Calatagan (Batangas)
06 May 2022 - 05:11 PM,6.35,127.31,2,3.5,123 km S 51‹ E of Tarragona (Davao Oriental)
06 May 2022 - 03:59 PM,13.42,121.06,33,1.9,005 km S 72‹ E of San Teodoro (Oriental Mindoro)
06 May 2022 - 03:34 PM,8.73,126.61,33,5.2,035 km S 78‹ E of Marihatag (Surigao Del Sur)
06 May 2022 - 01:38 PM,15.5,121.91,8,2.2,047 km S 52‹ E of Baler (Aurora)
06 May 2022 - 12:40 PM,6.39,127.28,96,4.4,117 km S 52‹ E of Tarragona (Davao Oriental)
06 May 2022 - 11:16 AM,14.05,119.26,33,2.4,097 km N 77‹ W of Lubang (Occidental Mindoro)
06 May 2022 - 11:05 AM,14.27,119.45,1,1.9,086 km N 58‹ W of Lubang (Occidental Mindoro)
06 May 2022 - 10:45 AM,6.46,127.11,93,3.3,098 km S 48‹ E of Tarragona (Davao Oriental)
06 May 2022 - 10:00 AM,6.1,127.27,102,3.3,138 km S 41‹ E of Tarragona (Davao Oriental)
06 May 2022 - 09:59 AM,6.17,127.64,114,3.6,164 km S 53‹ E of Tarragona (Davao Oriental)
06 May 2022 - 09:36 AM,5.9,127.46,87,4.3,170 km S 41‹ E of Tarragona (Davao Oriental)
06 May 2022 - 08:30 AM,6.22,127.63,102,3.5,160 km S 55‹ E of Tarragona (Davao Oriental)
06 May 2022 - 08:02 AM,6.44,127.33,65,5.2,119 km S 55‹ E of Tarragona (Davao Oriental)
06 May 2022 - 06:03 AM,6.36,127.1,9,3.6,103 km S 43‹ E of Tarragona (Davao Oriental)
06 May 2022 - 05:40 AM,6.43,127.16,74,3.3,105 km S 49‹ E of Tarragona (Davao Oriental)
06 May 2022 - 04:46 AM,16.44,119.67,28,3.5,025 km N 76‹ W of Bolinao (Pangasinan)
06 May 2022 - 04:32 AM,16.26,122.25,13,2.5,014 km S 80‹ E of Casiguran (Aurora)
06 May 2022 - 04:23 AM,16.25,122.3,18,2.5,019 km S 82‹ E of Casiguran (Aurora)
06 May 2022 - 04:08 AM,18.02,121.57,2,1.9,006 km S 31‹ W of Lasam (Cagayan)
06 May 2022 - 04:04 AM,6.62,127.16,108,2.9,092 km S 59‹ E of Tarragona (Davao Oriental)
06 May 2022 - 04:03 AM,6.56,127.09,205,2.7,089 km S 53‹ E of Tarragona (Davao Oriental)
06 May 2022 - 03:57 AM,6.4,126.92,65,3.3,089 km S 36‹ E of Tarragona (Davao Oriental)
06 May 2022 - 03:54 AM,6.37,127.36,90,5.2,125 km S 53‹ E of Tarragona (Davao Oriental)
06 May 2022 - 03:27 AM,9.69,122.46,8,2.3,037 km N 33‹ W of Basay (Negros Oriental)
06 May 2022 - 03:14 AM,13.76,125.04,20,2.7,070 km S 88‹ E of Gigmoto (Catanduanes)
06 May 2022 - 02:58 AM,6.28,127.57,48,3.2,150 km S 55‹ E of Tarragona (Davao Oriental)
06 May 2022 - 02:33 AM,14.22,119.17,31,2.8,110 km N 69‹ W of Lubang (Occidental Mindoro)
06 May 2022 - 02:30 AM,6.52,127.15,118,3.7,097 km S 53‹ E of Tarragona (Davao Oriental)
06 May 2022 - 02:25 AM,14.22,119.21,33,2.6,106 km N 68‹ W of Lubang (Occidental Mindoro)
06 May 2022 - 01:33 AM,16.31,122.09,6,2.1,005 km N 45‹ W of Casiguran (Aurora)
06 May 2022 - 01:22 AM,17.22,120.05,1,2.2,042 km N 81‹ W of City Of Candon (Ilocos Sur)
06 May 2022 - 01:21 AM,9.91,124.21,34,1.4,005 km S 21‹ W of Danao (Bohol)
06 May 2022 - 01:20 AM,6.47,123.92,30,1.6,017 km S 57‹ W of Kalamansig (Sultan Kudarat)
06 May 2022 - 12:20 AM,6.19,127.3,35,3.2,134 km S 45‹ E of Tarragona (Davao Oriental)
05 May 2022 - 11:25 PM,6.53,126.14,25,2.8,016 km S 29‹ E of Governor Generoso (Davao Oriental)
05 May 2022 - 11:17 PM,6.53,123.82,2,3,026 km S 84‹ W of Kalamansig (Sultan Kudarat)
05 May 2022 - 11:16 PM,16.39,122.19,4,2,002 km S 76‹ W of Dilasag (Aurora)
05 May 2022 - 11:00 PM,16.27,122.19,7,2.4,007 km S 83‹ E of Casiguran (Aurora)
05 May 2022 - 10:59 PM,16.26,122.31,18,3.6,020 km S 85‹ E of Casiguran (Aurora)
05 May 2022 - 10:58 PM,16.3,121.93,1,2,021 km N 82‹ W of Casiguran (Aurora)
05 May 2022 - 10:54 PM,6.43,127.24,68,4.5,111 km S 52‹ E of Tarragona (Davao Oriental)
05 May 2022 - 10:48 PM,12.23,125.09,29,1.8,013 km S 29‹ E of Las Navas (Northern Samar)
05 May 2022 - 10:22 PM,6.39,127.58,33,3,145 km S 60‹ E of Tarragona (Davao Oriental)
05 May 2022 - 10:11 PM,16.27,122.34,11,2.6,023 km S 87‹ E of Casiguran (Aurora)
05 May 2022 - 09:05 PM,14.99,120.13,24,2.2,006 km N 48‹ E of San Antonio (Zambales)
05 May 2022 - 08:50 PM,5.16,126.35,89,2.9,103 km S 71‹ E of Sarangani Island (Municipality Of Sarangani) (Davao Occidental)
05 May 2022 - 08:27 PM,7.02,126.35,292,3.3,011 km S 72‹ W of Tarragona (Davao Oriental)
06 May 2022 - 09:26 PM,14.16,119.11,33,2.2,115 km N 73‹ W of Lubang (Occidental Mindoro)
05 May 2022 - 08:18 PM,9.67,126.51,1,3.5,041 km S 72‹ E of General Luna (Surigao Del Norte)
05 May 2022 - 07:55 PM,6.35,127.44,51,2.9,134 km S 55‹ E of Tarragona (Davao Oriental)
05 May 2022 - 07:35 PM,8.16,125.01,1,2.9,013 km N 75‹ W of City Of Malaybalay (Bukidnon)
05 May 2022 - 07:30 PM,10.14,123.19,7,2.8,009 km N 76‹ W of City Of Guihulngan (Negros Oriental)
05 May 2022 - 07:06 PM,13.97,119.27,35,4.2,093 km N 82‹ W of Lubang (Occidental Mindoro)
05 May 2022 - 07:02 PM,6.44,126.96,52,2.4,088 km S 40‹ E of Tarragona (Davao Oriental)
05 May 2022 - 06:52 PM,6.42,127.34,101,3.6,120 km S 55‹ E of Tarragona (Davao Oriental)
05 May 2022 - 06:49 PM,6.42,127.17,13,3,106 km S 49‹ E of Tarragona (Davao Oriental)
05 May 2022 - 06:37 PM,6.54,127.25,84,4.8,105 km S 57‹ E of Tarragona (Davao Oriental)
05 May 2022 - 06:23 PM,11.29,124.62,10,2.4,002 km S 76‹ W of Capoocan (Leyte)
05 May 2022 - 06:07 PM,6.58,127.15,110,3.4,094 km S 56‹ E of Tarragona (Davao Oriental)
05 May 2022 - 05:45 PM,6.56,127.14,115,3.5,093 km S 54‹ E of Tarragona (Davao Oriental)
05 May 2022 - 05:33 PM,6.36,127.44,35,2.9,133 km S 55‹ E of Tarragona (Davao Oriental)
05 May 2022 - 04:48 PM,6.24,127.01,139,3.2,109 km S 35‹ E of Tarragona (Davao Oriental)
05 May 2022 - 04:45 PM,6.28,127.34,48,3.6,130 km S 49‹ E of Tarragona (Davao Oriental)
05 May 2022 - 04:33 PM,6.32,127.26,64,3.8,121 km S 48‹ E of Tarragona (Davao Oriental)
05 May 2022 - 04:21 PM,6.22,127.58,34,6,155 km S 54‹ E of Tarragona (Davao Oriental)
05 May 2022 - 04:15 PM,9.06,126.26,36,2.6,011 km N 17‹ W of Bayabas (Surigao Del Sur)
05 May 2022 - 12:53 PM,13.74,120.69,113,1.5,012 km S 31‹ E of Calatagan (Batangas)
05 May 2022 - 12:53 PM,6.36,127.11,134,3.3,105 km S 44‹ E of Tarragona (Davao Oriental)
05 May 2022 - 12:18 PM,14.19,119.17,33,2.8,109 km N 71‹ W of Lubang (Occidental Mindoro)
05 May 2022 - 10:49 AM,6.39,127.23,81,4.4,113 km S 50‹ E of Tarragona (Davao Oriental)
05 May 2022 - 10:47 AM,16.54,119.66,32,2.4,030 km N 57‹ W of Bolinao (Pangasinan)
05 May 2022 - 10:32 AM,14.13,118.98,51,2.7,127 km N 76‹ W of Lubang (Occidental Mindoro)
05 May 2022 - 10:01 AM,7.99,125.9,34,3,011 km S 37‹ W of Veruela (Agusan Del Sur)
05 May 2022 - 09:56 AM,6.42,127.55,98,4,140 km S 60‹ E of Tarragona (Davao Oriental)
05 May 2022 - 09:53 AM,6.39,127.49,95,3.6,136 km S 57‹ E of Tarragona (Davao Oriental)
05 May 2022 - 09:36 AM,6.33,127.11,64,3.4,108 km S 42‹ E of Tarragona (Davao Oriental)
05 May 2022 - 09:31 AM,14.32,119.47,1,2.5,087 km N 54‹ W of Lubang (Occidental Mindoro)
05 May 2022 - 09:20 AM,14.32,119.53,1,3.9,081 km N 52‹ W of Lubang (Occidental Mindoro)
05 May 2022 - 09:13 AM,6.24,127.49,119,3.1,145 km S 52‹ E of Tarragona (Davao Oriental)
05 May 2022 - 09:05 AM,6.07,127.55,31,3.7,163 km S 48‹ E of Tarragona (Davao Oriental)
05 May 2022 - 09:00 AM,14.2,119.12,29,3.8,115 km N 71‹ W of Lubang (Occidental Mindoro)
05 May 2022 - 08:00 AM,6.25,127.45,68,3,141 km S 51‹ E of Tarragona (Davao Oriental)
05 May 2022 - 07:42 AM,7.04,127.63,30,3.6,122 km S 75‹ E of Caraga (Davao Oriental)
05 May 2022 - 07:31 AM,6.31,127.18,1,2.9,113 km S 45‹ E of Tarragona (Davao Oriental)
05 May 2022 - 07:27 AM,14.13,119.13,37,3.2,111 km N 75‹ W of Lubang (Occidental Mindoro)
05 May 2022 - 07:13 AM,6.43,127.49,33,2.8,136 km S 51‹ E of Manay (Davao Oriental)
05 May 2022 - 07:05 AM,14.15,119.15,30,3.5,110 km N 73‹ W of Lubang (Occidental Mindoro)
05 May 2022 - 06:57 AM,6.4,127.25,187,3.1,114 km S 51‹ E of Tarragona (Davao Oriental)
05 May 2022 - 06:49 AM,8.95,126.34,36,2.4,004 km N 42‹ E of Cagwait (Surigao Del Sur)
05 May 2022 - 05:52 AM,6.25,127.33,68,3.3,132 km S 48‹ E of Tarragona (Davao Oriental)
05 May 2022 - 05:41 AM,6.2,127.34,96,5.7,136 km S 46‹ E of Tarragona (Davao Oriental)
05 May 2022 - 05:32 AM,9.69,126.62,3,2,052 km S 79‹ E of General Luna (Surigao Del Norte)
05 May 2022 - 04:22 AM,6.68,127.21,98,3.3,093 km S 64‹ E of Tarragona (Davao Oriental)
05 May 2022 - 04:20 AM,6.7,127.2,33,3.1,091 km S 65‹ E of Tarragona (Davao Oriental)
05 May 2022 - 04:16 AM,6.31,127.47,80,5.2,139 km S 54‹ E of Tarragona (Davao Oriental)
05 May 2022 - 04:14 AM,9.63,126.43,7,1.8,035 km S 61‹ E of General Luna (Surigao Del Norte)
05 May 2022 - 04:10 AM,9.65,126.47,10,4.1,038 km S 67‹ E of General Luna (Surigao Del Norte)
05 May 2022 - 03:57 AM,8.32,124.17,22,1.8,016 km S 53‹ W of Manticao (Misamis Oriental)
05 May 2022 - 03:35 AM,13.96,119.5,34,2.7,068 km N 81‹ W of Lubang (Occidental Mindoro)
05 May 2022 - 02:58 AM,8.97,126.22,74,2,006 km S 15‹ W of Tago (Surigao Del Sur)
05 May 2022 - 02:45 AM,10.85,122.9,10,1.7,010 km N 54‹ W of City Of Silay (Negros Occidental)
05 May 2022 - 01:10 AM,8.88,125.71,8,2.6,007 km N 17‹ E of Sibagat (Agusan Del Sur)
05 May 2022 - 12:57 AM,9.55,126.17,8,2.5,026 km S 03‹ E of General Luna (Surigao Del Norte)
05 May 2022 - 12:14 AM,13.41,120.75,7,2,005 km S 27‹ E of Abra De Ilog (Occidental Mindoro)
04 May 2022 - 11:33 PM,6.36,124.79,4,2.6,005 km S 77‹ E of Surallah (South Cotabato)
04 May 2022 - 10:32 PM,8.33,124.9,105,2.6,007 km S 45‹ E of Manolo Fortich (Bukidnon)
04 May 2022 - 09:02 PM,13.44,125.09,48,3.6,081 km S 72‹ E of Baras (Catanduanes)
04 May 2022 - 08:58 PM,13.75,120.56,84,1.7,012 km S 42‹ W of Calatagan (Batangas)
04 May 2022 - 08:49 PM,10.94,122.9,18,2.7,011 km S 55‹ E of Banate (Iloilo)
04 May 2022 - 08:16 PM,14.02,119.3,26,3.5,091 km N 79‹ W of Lubang (Occidental Mindoro)
04 May 2022 - 07:34 PM,11.69,124.27,16,2.6,010 km N 85‹ W of Kawayan (Biliran)
04 May 2022 - 06:55 PM,11.15,126.57,47,2.5,093 km N 82‹ E of Guiuan (Eastern Samar)
04 May 2022 - 06:00 PM,16.33,120.24,3,2.4,013 km N 88‹ W of Agoo (La Union)
04 May 2022 - 04:43 PM,10.33,126.74,33,3.1,081 km N 65‹ E of Burgos (Surigao Del Norte)
04 May 2022 - 04:22 PM,10.32,126.67,18,3.2,074 km N 63‹ E of Burgos (Surigao Del Norte)
04 May 2022 - 04:13 PM,10.25,126.52,21,3.7,054 km N 61‹ E of Burgos (Surigao Del Norte)
04 May 2022 - 03:32 PM,18.2,120.86,59,2.5,008 km N 30‹ E of Carasi (Ilocos Norte)
04 May 2022 - 01:11 PM,8.51,125.81,24,1.8,007 km N 23‹ E of Talacogon (Agusan Del Sur)
04 May 2022 - 12:51 PM,15.74,121.17,31,1.6,008 km N 60‹ E of Rizal (Nueva Ecija)
04 May 2022 - 12:30 PM,18.64,121.26,9,2.6,009 km N 17‹ E of Sanchez-mira (Cagayan)
04 May 2022 - 11:47 AM,18.93,121.28,12,2.8,021 km S 20‹ E of Dalupiri Island (Calayan) (Cagayan)
04 May 2022 - 07:38 AM,13.55,120.67,4,1.8,013 km N 27‹ W of Abra De Ilog (Occidental Mindoro)
04 May 2022 - 06:19 AM,9.29,122.12,21,2.4,059 km S 77‹ W of Basay (Negros Oriental)
04 May 2022 - 05:40 AM,9.24,122.69,16,2.6,020 km S 17‹ E of Basay (Negros Oriental)
04 May 2022 - 03:22 AM,15.88,119.23,1,2.5,066 km S 67‹ W of Agno (Pangasinan)
04 May 2022 - 03:16 AM,16.87,120.04,25,2.9,036 km N 87‹ W of Luna (La Union)
04 May 2022 - 02:17 AM,10.26,125.2,4,3.2,007 km S 75‹ W of Anahawan (Southern Leyte)
03 May 2022 - 11:40 PM,9.03,122.39,32,2.5,050 km S 34‹ W of Basay (Negros Oriental)
03 May 2022 - 11:06 PM,14.01,120.54,73,1.8,013 km S 54‹ W of Nasugbu (Batangas)
03 May 2022 - 08:40 PM,9.28,126.95,1,2.5,081 km N 65‹ E of Bayabas (Surigao Del Sur)
03 May 2022 - 08:16 PM,13.23,121.78,29,2,018 km S 80‹ W of Buenavista (Marinduque)
03 May 2022 - 08:12 PM,12.99,121.58,21,2.5,011 km N 82‹ E of Gloria (Oriental Mindoro)
03 May 2022 - 07:45 PM,9.12,122.46,1,2.4,037 km S 32‹ W of Basay (Negros Oriental)
03 May 2022 - 07:42 PM,11.41,125.98,4,2.9,045 km N 40‹ E of Mercedes (Eastern Samar)
03 May 2022 - 07:24 PM,9.47,125.86,6,2.2,015 km N 41‹ W of Carrascal (Surigao Del Sur)
03 May 2022 - 07:23 PM,14.85,120.12,44,1.9,012 km S 18‹ E of San Antonio (Zambales)
03 May 2022 - 07:13 PM,11.48,126,19,2.8,044 km N 71‹ E of Hernani (Eastern Samar)
03 May 2022 - 06:07 PM,13.94,120.53,99,1.9,016 km N 45‹ W of Calatagan (Batangas)
03 May 2022 - 03:49 PM,12.86,120.86,7,2.4,009 km N 78‹ E of Sablayan (Occidental Mindoro)
03 May 2022 - 03:26 PM,7.26,126.98,3,3.3,049 km N 84‹ E of Manay (Davao Oriental)
03 May 2022 - 12:09 PM,6.85,125.04,5,2.2,017 km N 51‹ W of Magsaysay (Davao Del Sur)
03 May 2022 - 11:14 AM,14.3,119.27,24,2.7,104 km N 62‹ W of Lubang (Occidental Mindoro)
03 May 2022 - 10:40 AM,14.07,120.58,98,1.6,006 km S 82‹ W of Nasugbu (Batangas)
03 May 2022 - 09:44 AM,13.25,123.88,91,2.2,011 km S 63‹ E of Bacacay (Albay)
03 May 2022 - 08:17 AM,10.03,126.13,5,2,006 km N 78‹ E of Burgos (Surigao Del Norte)
03 May 2022 - 06:35 AM,13.91,119.25,33,2.1,094 km N 87‹ W of Lubang (Occidental Mindoro)
03 May 2022 - 05:54 AM,14.22,119.14,70,2.7,113 km N 70‹ W of Lubang (Occidental Mindoro)
03 May 2022 - 05:51 AM,2.64,128.33,257,4.7,445 km S 46‹ E of Balut Island (Municipality Of Sarangani) (Davao Occidental)
03 May 2022 - 04:26 AM,13.66,120.64,102,3.2,019 km S 01‹ E of Calatagan (Batangas)
03 May 2022 - 03:48 AM,13.72,120.59,93,2.1,014 km S 21‹ W of Calatagan (Batangas)
03 May 2022 - 03:31 AM,6.6,125.17,2,2.4,010 km S 75‹ W of Kiblawan (Davao Del Sur)
03 May 2022 - 03:21 AM,18.37,121.36,3,2.4,011 km S 11‹ E of Pamplona (Cagayan)
03 May 2022 - 03:05 AM,10.02,123.26,1,2.1,003 km S 78‹ E of La Libertad (Negros Oriental)
03 May 2022 - 02:54 AM,12.6,124.88,10,2.1,007 km N 50‹ W of Pambujan (Northern Samar)
03 May 2022 - 02:47 AM,10,126.15,20,2.1,009 km S 74‹ E of Burgos (Surigao Del Norte)
03 May 2022 - 02:31 AM,13.68,120.61,97,2.4,017 km S 08‹ W of Calatagan (Batangas)
03 May 2022 - 02:22 AM,9.7,126.26,5,2.9,015 km S 51‹ E of General Luna (Surigao Del Norte)
03 May 2022 - 01:59 AM,9.22,125.39,10,2.2,020 km N 59‹ W of City Of Cabadbaran (Agusan Del Norte)
03 May 2022 - 01:32 AM,14.36,119.15,24,2.4,118 km N 62‹ W of Lubang (Occidental Mindoro)
03 May 2022 - 12:59 AM,16.41,120.31,71,2,011 km N 30‹ W of Agoo (La Union)
03 May 2022 - 12:04 AM,5.64,124.76,1,2.6,035 km S 47‹ W of Maasim (Sarangani)
02 May 2022 - 11:36 PM,6.86,127.06,17,2.7,068 km S 56‹ E of Manay (Davao Oriental)
02 May 2022 - 11:24 PM,7.51,124.8,7,2.1,016 km N 81‹ W of Damulog (Bukidnon)
02 May 2022 - 10:55 PM,5.52,124.67,1,2.7,052 km S 05‹ E of Kiamba (Sarangani)
02 May 2022 - 10:47 PM,9.23,126.25,27,2.1,019 km N 25‹ E of City Of Tandag (Surigao Del Sur)
02 May 2022 - 10:40 PM,7.63,123.67,46,2,034 km N 57‹ E of Tabina (Zamboanga Del Sur)
02 May 2022 - 10:17 PM,12.98,120.97,29,1.9,025 km N 54‹ E of Sablayan (Occidental Mindoro)
02 May 2022 - 09:38 PM,12.96,120.93,6,2,021 km N 52‹ E of Sablayan (Occidental Mindoro)
02 May 2022 - 08:35 PM,15.47,121.22,1,2.3,013 km N 82‹ W of Gabaldon (Nueva Ecija)
02 May 2022 - 08:13 PM,5.89,124.62,17,2.2,011 km South of Kiamba (Sarangani)
02 May 2022 - 08:03 PM,13.76,120.68,163,2.7,010 km S 32‹ E of Calatagan (Batangas)
02 May 2022 - 08:01 PM,7.93,126.66,98,2.5,030 km S 67‹ E of Lingig (Surigao Del Sur)
02 May 2022 - 07:27 PM,9.72,126.25,2,2.5,013 km S 55‹ E of General Luna (Surigao Del Norte)
02 May 2022 - 07:26 PM,14.03,120.49,117,2.4,016 km S 73‹ W of Nasugbu (Batangas)
02 May 2022 - 05:54 PM,11.25,125.94,7,2.3,030 km N 57‹ E of Mercedes (Eastern Samar)
02 May 2022 - 04:33 PM,8.1,123.02,11,3.2,012 km S 60‹ E of Leon B. Postigo (Zamboanga Del Norte)
02 May 2022 - 01:26 PM,10.02,124.12,1,2.6,013 km N 55‹ W of Danao (Bohol)
02 May 2022 - 01:12 PM,13.82,120.58,164,3,005 km S 77‹ W of Calatagan (Batangas)
02 May 2022 - 08:56 AM,10.25,125.94,26,2.5,029 km N 29‹ W of Burgos (Surigao Del Norte)
02 May 2022 - 08:05 AM,7.4,123.4,28,1.8,007 km S 12‹ W of Tabina (Zamboanga Del Sur)
02 May 2022 - 07:42 AM,9.82,124.49,24,2,000 km S 76‹ W of Candijay (Bohol)
02 May 2022 - 06:22 AM,6.58,123.53,29,2.2,058 km N 87‹ W of Kalamansig (Sultan Kudarat)
02 May 2022 - 05:37 AM,18.86,120.65,1,2.6,038 km N 01‹ E of Burgos (Ilocos Norte)
02 May 2022 - 04:49 AM,19.72,121.25,14,3.4,056 km N 25‹ W of Calayan (Cagayan)
02 May 2022 - 04:18 AM,5.93,126.53,90,3.7,095 km S 32‹ E of Governor Generoso (Davao Oriental)
02 May 2022 - 03:18 AM,11.67,124.28,7,2.7,009 km S 83‹ W of Kawayan (Biliran)
02 May 2022 - 02:50 AM,7.47,124.75,32,1.9,008 km S 59‹ E of Banisilan (Cotabato)
02 May 2022 - 01:37 AM,11.86,125.28,29,2.1,016 km S 72‹ W of Taft (Eastern Samar)
02 May 2022 - 01:36 AM,7.22,123.65,33,1.8,037 km S 45‹ E of Tabina (Zamboanga Del Sur)
02 May 2022 - 01:36 AM,7.26,123.68,33,1.9,037 km S 53‹ E of Tabina (Zamboanga Del Sur)
02 May 2022 - 12:30 AM,14.28,119.09,30,3.9,121 km N 67‹ W of Lubang (Occidental Mindoro)
01 May 2022 - 08:54 PM,19.66,121.59,47,3.3,038 km N 65‹ W of Babuyan Island (Calayan) (Cagayan)
01 May 2022 - 08:32 PM,6.37,123.39,9,1.9,076 km S 74‹ W of Kalamansig (Sultan Kudarat)
01 May 2022 - 08:09 PM,6.65,125.14,7,1.9,021 km S 78‹ E of Columbio (Sultan Kudarat)
01 May 2022 - 07:13 PM,9.79,125.04,5,1.9,027 km S 06‹ E of Padre Burgos (Southern Leyte)
01 May 2022 - 05:25 PM,16.62,121.31,32,1.7,006 km N 80‹ E of Bagabag (Nueva Vizcaya)
01 May 2022 - 04:28 PM,12.57,123.5,6,2.2,011 km N 03‹ E of Baleno (Masbate)
01 May 2022 - 03:39 PM,9.05,126.19,42,2.2,004 km S 38‹ E of City of Tandag (Surigao Del Sur)
01 May 2022 - 11:36 AM,12.86,124.88,17,3.4,033 km N 09‹ W of Pambujan (Northern Samar)
01 May 2022 - 11:36 AM,13.8,120.59,22,1.5,006 km S 52‹ W of Calatagan (Batangas)
01 May 2022 - 10:11 AM,3.67,126.86,283,4.3,250 km S 39‹ E of Balut Island (Municipality of Sarangani) (Davao Occidental)
01 May 2022 - 09:58 AM,11.28,124.61,13,2.1,004 km S 62‹ W of Capoocan (Leyte)
01 May 2022 - 08:30 AM,14.95,119.88,25,1.9,022 km S 89‹ W of San Antonio (Zambales)
01 May 2022 - 08:00 AM,15.88,123.98,8,2.4,191 km N 36‹ E of Tinaga Island (Vinzons) (Camarines Norte)
01 May 2022 - 06:21 AM,17.12,120.04,10,2,043 km S 84‹ E of City of Candon (Ilocos Sur)
01 May 2022 - 03:41 AM,15.43,121.89,10,2.2,050 km S 44‹ E of Baler (Aurora)
01 May 2022 - 03:22 AM,17.4,120.23,31,2.1,023 km S 45‹ W of Caoayan (Ilocos Sur)
01 May 2022 - 02:45 AM,11.15,122.96,176,2.6,008 km N 53‹ W of Tanauan (Leyte)
01 May 2022 - 02:39 AM,7.95,122.35,27,1.7,007 km S 58‹ W of Gutalac (Zamboanga Del Norte)
01 May 2022 - 02:03 AM,9.74,122.05,33,2.6,042 km S 85‹ W of Sipalay (Negros Occidental)
01 May 2022 - 12:14 AM,14.24,119.14,27,2.4,114 km N 69‹ W of Lubang (Occidental Mindoro)
